1	microcontroller	1	entrée
1	microcontroller	2	animat
1	microcontroller	3	nouv.répert
1	microcontroller	4	sélection
1	microcontroller	5	bsc+
1	microcontroller	6	sélect
1	microcontroller	7	air
1	microcontroller	8	répertoire
1	microcontroller	9	emulateur
1	microcontroller	10	mots-clefs
1	microcontroller	11	radioélectrique
1	microcontroller	12	iur
1	microcontroller	13	utran
1	microcontroller	14	annuaire
1	microcontroller	15	vision
1	microcontroller	16	ii.2.3.2.1
1	microcontroller	17	annuaire/du
1	microcontroller	18	enregistr
1	microcontroller	19	confirmation
1	microcontroller	20	évolutivité
2	receiver	1	destinataire
2	receiver	2	combiné
2	receiver	3	récepteur
2	receiver	4	space
2	receiver	5	bts
2	receiver	6	centaine
2	receiver	7	bsc
2	receiver	8	division
2	receiver	9	l2cap
2	receiver	10	bearer
2	receiver	11	répartition
2	receiver	12	utran
2	receiver	13	device
2	receiver	14	reconnaissance
2	receiver	15	access
2	receiver	16	rns
2	receiver	17	porteur
2	receiver	18	terrestrial
2	receiver	19	tdma
2	receiver	20	onde
3	handset	1	combiné
3	handset	2	message
3	handset	3	restant
3	handset	4	composition
3	handset	5	réservé
3	handset	6	marquage
3	handset	7	texte
3	handset	8	multimédias
3	handset	9	erlang
3	handset	10	gain
3	handset	11	station
3	handset	12	messagerie
3	handset	13	minimal
3	handset	14	puissance
3	handset	15	utran
3	handset	16	multicast
3	handset	17	ge[
3	handset	18	sélec.manuelle
3	handset	19	planification
3	handset	20	module
4	broadcast	1	retransmission
4	broadcast	2	émission
4	broadcast	3	décomposition
4	broadcast	4	ieee802.16e
4	broadcast	5	concentrique
4	broadcast	6	inter
4	broadcast	7	interférence
4	broadcast	8	surface
4	broadcast	9	rayon
4	broadcast	10	région
4	broadcast	11	marquage
4	broadcast	12	message
4	broadcast	13	cdma-2000
4	broadcast	14	intra
4	broadcast	15	cellule
4	broadcast	16	multicast
4	broadcast	17	intercellulaire
4	broadcast	18	pmbe
4	broadcast	19	utilisateur
4	broadcast	20	seul
5	microwave	1	micro-onde
5	microwave	2	utran
5	microwave	3	bearer
5	microwave	4	onde
5	microwave	5	rns
5	microwave	6	terrestrial
5	microwave	7	rrc
5	microwave	8	intégré
5	microwave	9	general
5	microwave	10	casque
5	microwave	11	ii.2.3.2.1
5	microwave	12	interface
5	microwave	13	subsystem
5	microwave	14	radio
5	microwave	15	iii.5
5	microwave	16	universel
5	microwave	17	exposition
5	microwave	18	terrestre
5	microwave	19	téléviseur
5	microwave	20	radio-électriques
6	multicast	1	explicite
6	multicast	2	x.y.z
6	multicast	3	circulaire
6	multicast	4	e[z
6	multicast	5	dénombrable
6	multicast	6	is-136
6	multicast	7	grille
6	multicast	8	det(zi
6	multicast	9	k(0
6	multicast	10	outage
6	multicast	11	pi∗
6	multicast	12	boîtier
6	multicast	13	adaptateur
6	multicast	14	déterminant
6	multicast	15	ui,j
6	multicast	16	pied
6	multicast	17	pci
6	multicast	18	passant
6	multicast	19	tan
6	multicast	20	d(z
7	architecture	1	architecture
7	architecture	2	pratique
7	architecture	3	manuscrit
7	architecture	4	intégrant
7	architecture	5	partie
7	architecture	6	bienvenue
7	architecture	7	central
7	architecture	8	cœur
7	architecture	9	périmètre
7	architecture	10	jeu
7	architecture	11	application
7	architecture	12	fil
7	architecture	13	internaute
7	architecture	14	fils
7	architecture	15	art
7	architecture	16	présence
7	architecture	17	mobile
7	architecture	18	réseau
7	architecture	19	ressource
7	architecture	20	fcc
8	sensor	1	capteur
8	sensor	2	hiérarchique
8	sensor	3	noyau
8	sensor	4	faisceau
8	sensor	5	multihomed
8	sensor	6	nœud
8	sensor	7	axe
8	sensor	8	wifi
8	sensor	9	argument
8	sensor	10	central
8	sensor	11	cœur
8	sensor	12	fil
8	sensor	13	instant
8	sensor	14	ad'hoc
8	sensor	15	fils
8	sensor	16	ii.2
8	sensor	17	poll-1:1.353495e+01
8	sensor	18	routage
8	sensor	19	doze
8	sensor	20	stoker
9	buffer	1	tampon
9	buffer	2	variation
9	buffer	3	msec
9	buffer	4	aller-retour
9	buffer	5	gigue
9	buffer	6	contrainte
9	buffer	7	ii.2.3.2.2
9	buffer	8	header
9	buffer	9	iv.5
9	buffer	10	sensible
9	buffer	11	délai
9	buffer	12	nomenclature
9	buffer	13	type
9	buffer	14	fhs
9	buffer	15	paquet
9	buffer	16	hold
9	buffer	17	poll
9	buffer	18	transfert
9	buffer	19	port
9	buffer	20	indique
10	software	1	logiciel
10	software	2	software
10	software	3	soft
10	software	4	fonctionnel
10	software	5	prise
10	software	6	contextuel
10	software	7	chronologique
10	software	8	génie
10	software	9	téléphonie
10	software	10	vue
10	software	11	pris
10	software	12	v.5.1
10	software	13	vietnam
10	software	14	v.4.1
10	software	15	controlled
10	software	16	fenêtre
10	software	17	dtd
10	software	18	ipv6
10	software	19	v.4.2
10	software	20	v.6.5
11	repeater	1	utran
11	repeater	2	bearer
11	repeater	3	station
11	repeater	4	rns
11	repeater	5	intégré
11	repeater	6	iii.5
11	repeater	7	terrestrial
11	repeater	8	émetteurs-récepteurs
11	repeater	9	onde
11	repeater	10	presentation
11	repeater	11	téléviseur
11	repeater	12	rrc
11	repeater	13	general
11	repeater	14	ii.2.3.2.1
11	repeater	15	casque
11	repeater	16	offert
11	repeater	17	subsystem
11	repeater	18	radio
11	repeater	19	uc5
11	repeater	20	centrino
12	telecommunication	1	télécommunication
12	telecommunication	2	préfixe
12	telecommunication	3	amrc2000
12	telecommunication	4	identité
12	telecommunication	5	fracture
12	telecommunication	6	equipement
12	telecommunication	7	itinérance
12	telecommunication	8	tcap
12	telecommunication	9	symposium
12	telecommunication	10	radiation
12	telecommunication	11	politiques/régulateurs
12	telecommunication	12	obligation
12	telecommunication	13	service/accès
12	telecommunication	14	national
12	telecommunication	15	sigle
12	telecommunication	16	commission
12	telecommunication	17	ethernet
12	telecommunication	18	itu
12	telecommunication	19	iasted
12	telecommunication	20	protection
13	encryption	1	cryptage
13	encryption	2	envoyé
13	encryption	3	gauche
13	encryption	4	menu
13	encryption	5	commande
13	encryption	6	illustration
13	encryption	7	o:\mobil\l55\m55_barracuda\fr\fug\m55_overview.fm
13	encryption	8	marche/arrêt/fin
13	encryption	9	précédent
13	encryption	10	seconde
13	encryption	11	préréglé
13	encryption	12	marche/arrêt
13	encryption	13	voisin
13	encryption	14	touche
13	encryption	15	augmenter/
13	encryption	16	activation/réglage
13	encryption	17	pression
13	encryption	18	modifiable
13	encryption	19	étiquette
13	encryption	20	lecture
14	carrier	1	vecteur
14	carrier	2	porteur
14	carrier	3	transport
14	carrier	4	point
14	carrier	5	internet
14	carrier	6	radioélectrique
14	carrier	7	entrée
14	carrier	8	saut
14	carrier	9	sélection
14	carrier	10	nouv.répert
14	carrier	11	animat
14	carrier	12	répartition
14	carrier	13	inférieur
14	carrier	14	gamme
14	carrier	15	répertoire
14	carrier	16	sélect
14	carrier	17	réseau
14	carrier	18	stratum
14	carrier	19	ghz
14	carrier	20	nouveau
15	deployment	1	déploiement
15	deployment	2	utilisation
15	deployment	3	usage
15	deployment	4	central
15	deployment	5	cœur
15	deployment	6	fil
15	deployment	7	ii.2
15	deployment	8	fils
15	deployment	9	wlan
15	deployment	10	hétérogène
15	deployment	11	umts
15	deployment	12	planification
15	deployment	13	ansi-41
15	deployment	14	en-dehors
15	deployment	15	gsm-map
15	deployment	16	ii.2.1
15	deployment	17	ad-hoc
15	deployment	18	vi.4
15	deployment	19	externe
15	deployment	20	cohabitation
16	key	1	touche
16	key	2	liste
16	key	3	tonalité
16	key	4	primordial
16	key	5	clé
16	key	6	clef
16	key	7	ton
16	key	8	stationnaire
16	key	9	cryptage/décryptage
16	key	10	suggestion
16	key	11	candidat
16	key	12	contextuel
16	key	13	décryptage
16	key	14	invariant
16	key	15	passe
16	key	16	médias
16	key	17	gaussiennes
16	key	18	exponentiel
16	key	19	pre-master
16	key	20	cryptographie
17	cellular	1	cellulaire
17	cellular	2	pré-imt-2000
17	cellular	3	composante
17	cellular	4	évolution
17	cellular	5	exploitation
17	cellular	6	mots-clefs
17	cellular	7	opérateur
17	cellular	8	génération
17	cellular	9	cdmaone
17	cellular	10	nmt450
17	cellular	11	central
17	cellular	12	transition
17	cellular	13	ims
17	cellular	14	imt-2000
17	cellular	15	souhaitable
17	cellular	16	pdc
17	cellular	17	fil
17	cellular	18	cœur
17	cellular	19	interfonctionnement
17	cellular	20	modélisation
18	connection	1	connexion
18	connection	2	raccordement
18	connection	3	branchement
18	connection	4	liaison
18	connection	5	lien
18	connection	6	rapport
18	connection	7	correspondance
18	connection	8	émis
18	connection	9	sélection
18	connection	10	doze
18	connection	11	hiérarchique
18	connection	12	confirmation
18	connection	13	entrée
18	connection	14	multihomed
18	connection	15	visite
18	connection	16	nœud
18	connection	17	nouv.répert
18	connection	18	sélect
18	connection	19	sim
18	connection	20	noyau
19	spectrum	1	spectral
19	spectrum	2	spectre
19	spectrum	3	éventail
19	spectrum	4	gamme
19	spectrum	5	octroi
19	spectrum	6	licence
19	spectrum	7	stationnaire
19	spectrum	8	judicieux
19	spectrum	9	acquisition
19	spectrum	10	condition
19	spectrum	11	redevance
19	spectrum	12	aide
19	spectrum	13	attribution
19	spectrum	14	justification
19	spectrum	15	invariant
19	spectrum	16	directeur
19	spectrum	17	médias
19	spectrum	18	juin
19	spectrum	19	méthode
19	spectrum	20	gaussiennes
20	cell	1	cellule
20	cell	2	élément
20	cell	3	noyau
20	cell	4	cellulaire
20	cell	5	portable
20	cell	6	ordinateur
20	cell	7	message-guide
20	cell	8	proximité
20	cell	9	attention
20	cell	10	modem
20	cell	11	base
20	cell	12	vibration
20	cell	13	choc
20	cell	14	gonflable
20	cell	15	danger
20	cell	16	surchargé
20	cell	17	mercure
20	cell	18	fonctionnement
20	cell	19	aide
20	cell	20	o:\mobil\l55\m55_barracuda\fr\fug\m55_security.fm
21	transmission	1	transmission
21	transmission	2	communication
21	transmission	3	cours
21	transmission	4	nombre
21	transmission	5	entrant
21	transmission	6	appel
21	transmission	7	refus
21	transmission	8	journal
21	transmission	9	arrivée
21	transmission	10	migration
21	transmission	11	renvoi
21	transmission	12	classe-c
21	transmission	13	journau
21	transmission	14	durée
21	transmission	15	région
21	transmission	16	urgence
21	transmission	17	numéro
21	transmission	18	fonction
21	transmission	19	base
21	transmission	20	nouveau
22	antenna	1	antenne
22	antenna	2	i.2
22	antenna	3	snr
22	antenna	4	comparaison
22	antenna	5	tableau
22	antenna	6	i.1
22	antenna	7	ci-après
22	antenna	8	avantage
22	antenna	9	particulier
22	antenna	10	left
22	antenna	11	division
22	antenna	12	inconvénient
22	antenna	13	besoin
22	antenna	14	terre
22	antenna	15	répartition
22	antenna	16	choix
22	antenna	17	cours
22	antenna	18	nombre
22	antenna	19	plateformes
22	antenna	20	technologique
23	node	1	nœud
23	node	2	entrée
23	node	3	animat
23	node	4	nouv.répert
23	node	5	sélection
23	node	6	sélect
23	node	7	répertoire
23	node	8	annuaire
23	node	9	dysfonctionnement
23	node	10	proximité
23	node	11	confirmation
23	node	12	enregistr
23	node	13	annuaire/du
23	node	14	entrée>
23	node	15	anniversaire
23	node	16	modif.réglages
23	node	17	organiseur
23	node	18	note
23	node	19	lumineux
23	node	20	menu
24	traffic	1	trafic
24	traffic	2	navigation
24	traffic	3	circulation
24	traffic	4	commerce
24	traffic	5	v5.0.1
24	traffic	6	ρrt
24	traffic	7	préjudiciable
24	traffic	8	recherche-développement
24	traffic	9	ofdma
24	traffic	10	radioélectrique
24	traffic	11	répartition
24	traffic	12	division
24	traffic	13	spécification
24	traffic	14	point
24	traffic	15	amrf
24	traffic	16	sous-système
24	traffic	17	réseau
24	traffic	18	technique
24	traffic	19	plénier
24	traffic	20	internet
25	router	1	routeur
25	router	2	ii.2.3.2.2
25	router	3	header
25	router	4	mipv6
25	router	5	nomenclature
25	router	6	type
25	router	7	hold
25	router	8	fhs
25	router	9	iv.5
25	router	10	poll
25	router	11	paquet
25	router	12	mode
25	router	13	indique
25	router	14	connectivité
25	router	15	slots
25	router	16	retransmission
25	router	17	congestion
25	router	18	ii.2.2.1
25	router	19	donnée
25	router	20	création
26	interference	1	interférence
26	interference	2	brouillage
26	interference	3	ghz
26	interference	4	fréquence
26	interference	5	inférieur
26	interference	6	passant
26	interference	7	saut
26	interference	8	large
26	interference	9	gamme
26	interference	10	largeur
26	interference	11	enregistrable
26	interference	12	attribution
26	interference	13	étroit
26	interference	14	adjacent
26	interference	15	éveil
26	interference	16	fast-pull
26	interference	17	garde
26	interference	18	bande
26	interference	19	majorité
26	interference	20	cmr-2000
27	jitter	1	iv.11.3.2
27	jitter	2	ii.2.3.2.2
27	jitter	3	header
27	jitter	4	décodage
27	jitter	5	nomenclature
27	jitter	6	iv.5
27	jitter	7	fhs
27	jitter	8	type
27	jitter	9	variation
27	jitter	10	hold
27	jitter	11	poll
27	jitter	12	indique
27	jitter	13	bénéfice
27	jitter	14	paquet
27	jitter	15	retransmission
27	jitter	16	msec
27	jitter	17	slots
27	jitter	18	gigue
27	jitter	19	aller-retour
27	jitter	20	acceptable
28	packet	1	paquet
28	packet	2	bénéfice
28	packet	3	décodage
28	packet	4	probabilité
28	packet	5	cours
28	packet	6	rate-[call/sec
28	packet	7	profit
28	packet	8	acceptable
28	packet	9	logarithmique
28	packet	10	blocage
28	packet	11	propagation
28	packet	12	coupure
28	packet	13	manque
28	packet	14	igure
28	packet	15	trajet
28	packet	16	paramétrée
28	packet	17	variation
28	packet	18	perte
28	packet	19	revanche
28	packet	20	obstacle
29	internet	1	point
29	internet	2	internet
29	internet	3	radioélectrique
29	internet	4	fichier
29	internet	5	utran
29	internet	6	répartition
29	internet	7	subit
29	internet	8	stratum
29	internet	9	avance
29	internet	10	windows®
29	internet	11	rapide
29	internet	12	nœud
29	internet	13	réseau
29	internet	14	strate
29	internet	15	ii.2.3.2.1
29	internet	16	lan
29	internet	17	hertzien
29	internet	18	interopérabilité
29	internet	19	intégré
29	internet	20	actualisation
30	satellite	1	satellite
30	satellite	2	donnée
30	satellite	3	fach
30	satellite	4	cpch
30	satellite	5	hertzien
30	satellite	6	transport
30	satellite	7	khz
30	satellite	8	pré-imt-2000
30	satellite	9	canal
30	satellite	10	rach
30	satellite	11	composante
30	satellite	12	génération
30	satellite	13	physique
30	satellite	14	fixe
30	satellite	15	surface
30	satellite	16	déploiement
30	satellite	17	opérateur
30	satellite	18	souhaitable
30	satellite	19	exploitation
30	satellite	20	complément
31	modem	1	modem
31	modem	2	rfcomm
31	modem	3	usb
31	modem	4	habituel
31	modem	5	imprimante
31	modem	6	ordinateur
31	modem	7	avantageux
31	modem	8	rupture
31	modem	9	aide
31	modem	10	télévision
31	modem	11	cellulaire
31	modem	12	portable
31	modem	13	filaire
31	modem	14	lgp500
31	modem	15	hospitalier
31	modem	16	milieu
31	modem	17	assistant
31	modem	18	attention
31	modem	19	fin
31	modem	20	imt-mc
32	signal	1	appel
32	signal	2	signal
32	signal	3	capital
32	signal	4	rétroaction
32	signal	5	base
32	signal	6	émission
32	signal	7	alarme
32	signal	8	uc2
32	signal	9	puissance
32	signal	10	bsc
32	signal	11	bts
32	signal	12	réponse
32	signal	13	peer-to-peer
32	signal	14	correct
32	signal	15	horloge
32	signal	16	donnée
32	signal	17	qi,j
32	signal	18	silencieux
32	signal	19	iv.4
32	signal	20	répétition
33	switch	1	contact
33	switch	2	bouton
33	switch	3	commutateur
33	switch	4	transfert
33	switch	5	commande
33	switch	6	changement
33	switch	7	cellulaire
33	switch	8	portable
33	switch	9	ordinateur
33	switch	10	ii.2.3.2.2
33	switch	11	header
33	switch	12	message-guide
33	switch	13	type
33	switch	14	nomenclature
33	switch	15	proximité
33	switch	16	choc
33	switch	17	fhs
33	switch	18	iv.5
33	switch	19	attention
33	switch	20	modem
34	frequency	1	fréquence
34	frequency	2	rotation
34	frequency	3	passant
34	frequency	4	largeur
34	frequency	5	large
34	frequency	6	ghz
34	frequency	7	étroit
34	frequency	8	garde
34	frequency	9	mhz
34	frequency	10	adjacent
34	frequency	11	administration
34	frequency	12	λ0,rt
34	frequency	13	réserve
34	frequency	14	total
34	frequency	15	duplex
34	frequency	16	ism
34	frequency	17	lmin
34	frequency	18	actor
34	frequency	19	iii.6
34	frequency	20	attribution
35	security	1	garantie
35	security	2	valeur
35	security	3	sécurité
35	security	4	titre
35	security	5	directeur
35	security	6	jeu/une
35	security	7	mi-parcours
35	security	8	météorologique
35	security	9	mtx
35	security	10	présent
35	security	11	véritable
35	security	12	ligne
35	security	13	mis.en
35	security	14	défi
35	security	15	préface
35	security	16	t9abc
35	security	17	signification
35	security	18	colonne
35	security	19	retour
35	security	20	variante
36	datum	1	donnée
36	datum	2	point
36	datum	3	internet
36	datum	4	proximité
36	datum	5	nœud
36	datum	6	dysfonctionnement
36	datum	7	iv.3.2
36	datum	8	arrivée
36	datum	9	pénétration
36	datum	10	voip
36	datum	11	vidéo
36	datum	12	radioélectrique
36	datum	13	audio
36	datum	14	enregistreur
36	datum	15	transmission
36	datum	16	rapide
36	datum	17	migration
36	datum	18	erreur
36	datum	19	caméra
36	datum	20	réutilisation
37	digital	1	numérique
37	digital	2	digital
37	digital	3	donnée
37	digital	4	avènement
37	digital	5	vidéo
37	digital	6	orientation
37	digital	7	pays
37	digital	8	audio
37	digital	9	radio-électriques
37	digital	10	corrélateur
37	digital	11	ordinateur
37	digital	12	graphique
37	digital	13	cellulaire
37	digital	14	voix
37	digital	15	enregistreur
37	digital	16	personnel
37	digital	17	international
37	digital	18	téléphone
37	digital	19	codec
37	digital	20	réalisable
38	bandwidth	1	largeur de bande
38	bandwidth	2	recette
38	bandwidth	3	pays
38	bandwidth	4	police
38	bandwidth	5	majorité
38	bandwidth	6	marginal
38	bandwidth	7	vitesse
38	bandwidth	8	gonflable
38	bandwidth	9	baisse
38	bandwidth	10	confirmation
38	bandwidth	11	gamme
38	bandwidth	12	rt,i
38	bandwidth	13	spectre
38	bandwidth	14	pénétration
38	bandwidth	15	γi-1
38	bandwidth	16	inférieur
38	bandwidth	17	total
38	bandwidth	18	octroi
38	bandwidth	19	kbit/s
38	bandwidth	20	sinr
39	multi-carrier	1	androidmanifest.xml
39	multi-carrier	2	iv.10
39	multi-carrier	3	offert
39	multi-carrier	4	nodes
39	multi-carrier	5	zone
39	multi-carrier	6	assistant
39	multi-carrier	7	drf
39	multi-carrier	8	wlans
39	multi-carrier	9	peer-to-peer
39	multi-carrier	10	cohabitation
39	multi-carrier	11	couverture
39	multi-carrier	12	rétrocompatibilité
39	multi-carrier	13	portefeuille
39	multi-carrier	14	efficacité
39	multi-carrier	15	configuration
39	multi-carrier	16	surface
39	multi-carrier	17	saut
39	multi-carrier	18	arrangement
39	multi-carrier	19	utilisable
39	multi-carrier	20	inférieur
40	wireless	1	radio
40	wireless	2	point
40	wireless	3	radioélectrique
40	wireless	4	internet
40	wireless	5	réseau
40	wireless	6	cœur
40	wireless	7	central
40	wireless	8	fils
40	wireless	9	fil
40	wireless	10	hertzien
40	wireless	11	umts
40	wireless	12	routeur
40	wireless	13	cellulaire
40	wireless	14	ii.2
40	wireless	15	en-dehors
40	wireless	16	wlan
40	wireless	17	hétérogène
40	wireless	18	mobile
40	wireless	19	portable
40	wireless	20	ordinateur
41	ethernet	1	imt-mc
41	ethernet	2	unique
41	ethernet	3	multiple
41	ethernet	4	point
41	ethernet	5	brouillage
41	ethernet	6	radioélectrique
41	ethernet	7	internet
41	ethernet	8	uwc-136/amrt
41	ethernet	9	cdma2000
41	ethernet	10	passage
41	ethernet	11	harmonieux
41	ethernet	12	seul
41	ethernet	13	étroit
41	ethernet	14	imt-2000
41	ethernet	15	prothèse
41	ethernet	16	souplesse
41	ethernet	17	garde
41	ethernet	18	pdc
41	ethernet	19	réseau
41	ethernet	20	téléphonie
42	electromagnetic	1	icnirp
42	electromagnetic	2	protection
42	electromagnetic	3	consigne
42	electromagnetic	4	exposition
42	electromagnetic	5	iii.8
42	electromagnetic	6	cyberservices
42	electromagnetic	7	won
42	electromagnetic	8	inférieur
42	electromagnetic	9	saut
42	electromagnetic	10	préfixe
42	electromagnetic	11	règles
42	electromagnetic	12	consommation
42	electromagnetic	13	fonctionnel
42	electromagnetic	14	man
42	electromagnetic	15	gamme
42	electromagnetic	16	prise
42	electromagnetic	17	ghz
42	electromagnetic	18	modulaire
42	electromagnetic	19	onde
42	electromagnetic	20	sécurité
43	proxy	1	pouvoir
43	proxy	2	entrée
43	proxy	3	animat
43	proxy	4	nouv.répert
43	proxy	5	sélection
43	proxy	6	sélect
43	proxy	7	répertoire
43	proxy	8	mipv6
43	proxy	9	modif.réglages
43	proxy	10	annuaire
43	proxy	11	exact
43	proxy	12	entrée>
43	proxy	13	telematique
43	proxy	14	anniversaire
43	proxy	15	enregistr
43	proxy	16	confirmation
43	proxy	17	mélodie
43	proxy	18	annuaire/du
43	proxy	19	appuyer
43	proxy	20	approximatif
44	telephony	1	téléphonie
44	telephony	2	entrée
44	telephony	3	confirmation
44	telephony	4	animat
44	telephony	5	nouv.répert
44	telephony	6	sélection
44	telephony	7	vietnam
44	telephony	8	v.5.1
44	telephony	9	controlled
44	telephony	10	v.4.1
44	telephony	11	ipv6
44	telephony	12	sélect
44	telephony	13	répertoire
44	telephony	14	v.4.2
44	telephony	15	v.6.5
44	telephony	16	telematique
44	telephony	17	permanent
44	telephony	18	terminal
44	telephony	19	wmm-connected
44	telephony	20	ike
45	protocol	1	protocole
45	protocol	2	couche
45	protocol	3	wtp
45	protocol	4	pile
45	protocol	5	wdp
45	protocol	6	wsp
45	protocol	7	datagramme
45	protocol	8	osi
45	protocol	9	actualisation
45	protocol	10	protocolaire
45	protocol	11	physique
45	protocol	12	pdcp
45	protocol	13	couvercle
45	protocol	14	primitif
45	protocol	15	chargement
45	protocol	16	eau
45	protocol	17	mac
45	protocol	18	séparation
45	protocol	19	mécanisme
45	protocol	20	âge
46	application	1	étalement
46	application	2	application
46	application	3	applicatif
46	application	4	demande
46	application	5	souscription
46	application	6	portée
46	application	7	attention
46	application	8	téléphonie
46	application	9	v.5.1
46	application	10	permanent
46	application	11	terminal
46	application	12	vietnam
46	application	13	client
46	application	14	controlled
46	application	15	ipv6
46	application	16	v.4.1
46	application	17	serveur
46	application	18	windows
46	application	19	v.6.5
46	application	20	logiciel
47	speed	1	speed
47	speed	2	vitesse
47	speed	3	rapidité
47	speed	4	rythme
47	speed	5	régime
47	speed	6	gonflable
47	speed	7	majorité
47	speed	8	radio-électriques
47	speed	9	coussin
47	speed	10	variété
47	speed	11	police
47	speed	12	hébergeur
47	speed	13	ville
47	speed	14	diversité
47	speed	15	satisfaction
47	speed	16	enregistrable
47	speed	17	contrepartie
47	speed	18	trimestre
47	speed	19	public
47	speed	20	transmission
48	connectivity	1	connectivité
48	connectivity	2	zone
48	connectivity	3	cesse
48	connectivity	4	suburbain
48	connectivity	5	urbain
48	connectivity	6	uim
48	connectivity	7	architecture
48	connectivity	8	umts
48	connectivity	9	jeune
48	connectivity	10	micro-cellules
48	connectivity	11	cœur
48	connectivity	12	âge
48	connectivity	13	général
48	connectivity	14	fixe
48	connectivity	15	wlan
48	connectivity	16	réseau
48	connectivity	17	sol
48	connectivity	18	wae
48	connectivity	19	couverture
48	connectivity	20	routage
49	provider	1	fournisseur
49	provider	2	qualité
49	provider	3	fourniture
49	provider	4	support
49	provider	5	lancement
49	provider	6	non-sollicitée
49	provider	7	classe
49	provider	8	aol
49	provider	9	centre
49	provider	10	contrat
49	provider	11	offre
49	provider	12	prestation
49	provider	13	yahoo
49	provider	14	quasi-totalité
49	provider	15	actualité
49	provider	16	universel
49	provider	17	visioconférence
49	provider	18	visiophonie
49	provider	19	pénétration
49	provider	20	acceptation
50	interface	1	interface
50	interface	2	intermédiaire
50	interface	3	wideband
50	interface	4	fixed
50	interface	5	final
50	interface	6	préférence
50	interface	7	influent
50	interface	8	login
50	interface	9	chimique
50	interface	10	connectivité
50	interface	11	nomade
50	interface	12	itinérant
50	interface	13	comportement
50	interface	14	evènements
50	interface	15	rts/cts
50	interface	16	assurance
50	interface	17	transparent
50	interface	18	utilisateur
50	interface	19	baisse
50	interface	20	transactionnel
51	bluetooth	1	inconvénient
51	bluetooth	2	passant
51	bluetooth	3	fréquence
51	bluetooth	4	large
51	bluetooth	5	ghz
51	bluetooth	6	largeur
51	bluetooth	7	onde
51	bluetooth	8	iv.9
51	bluetooth	9	radio-électriques
51	bluetooth	10	utran
51	bluetooth	11	lumineux
51	bluetooth	12	majorité
51	bluetooth	13	rns
51	bluetooth	14	bearer
51	bluetooth	15	portée
51	bluetooth	16	étroit
51	bluetooth	17	fil
51	bluetooth	18	communication
51	bluetooth	19	réseau
51	bluetooth	20	qualité
52	multimedia	1	multimédia
52	multimedia	2	qualité
52	multimedia	3	fournisseur
52	multimedia	4	fourniture
52	multimedia	5	classe
52	multimedia	6	multimédias
52	multimedia	7	support
52	multimedia	8	lancement
52	multimedia	9	non-sollicitée
52	multimedia	10	prestation
52	multimedia	11	centre
52	multimedia	12	érosion
52	multimedia	13	aol
52	multimedia	14	offre
52	multimedia	15	quasi-totalité
52	multimedia	16	contrat
52	multimedia	17	ims
52	multimedia	18	nrtps
52	multimedia	19	visioconférence
52	multimedia	20	yahoo
53	coverage	1	couverture
53	coverage	2	fi,0
53	coverage	3	libe
53	coverage	4	λ0,c
53	coverage	5	concentrique
53	coverage	6	classe-c
53	coverage	7	bloquante
53	coverage	8	saint-pétersbourg
53	coverage	9	leningrad
53	coverage	10	e[nc
53	coverage	11	région
53	coverage	12	décomposition
53	coverage	13	surface
53	coverage	14	cellule
53	coverage	15	cause
53	coverage	16	rural
53	coverage	17	class-c
53	coverage	18	migration
53	coverage	19	utilisateur
53	coverage	20	ieee802.16e
54	authentication	1	authentification
54	authentication	2	confirmation
54	authentication	3	validation
54	authentication	4	puce
54	authentication	5	élément
54	authentication	6	pcch
54	authentication	7	pied
54	authentication	8	baisse
54	authentication	9	motivation
54	authentication	10	cryptage/décryptage
54	authentication	11	optimisation
54	authentication	12	contextuel
54	authentication	13	promotion
54	authentication	14	signalisation
54	authentication	15	illustration
54	authentication	16	cryptographie
54	authentication	17	envoyé
54	authentication	18	td-scdma
54	authentication	19	intégrité
54	authentication	20	gauche
55	broadband	1	point
55	broadband	2	internet
55	broadband	3	radioélectrique
55	broadband	4	utran
55	broadband	5	réseau
55	broadband	6	téléphonie
55	broadband	7	stratum
55	broadband	8	répartition
55	broadband	9	nœud
55	broadband	10	avance
55	broadband	11	fixe
55	broadband	12	hertzien
55	broadband	13	bearer
55	broadband	14	rapide
55	broadband	15	rns
55	broadband	16	tierce
55	broadband	17	vietnam
55	broadband	18	sous-système
55	broadband	19	radio
55	broadband	20	application
56	server	1	serveur
56	server	2	rédaction/réception
56	server	3	vendeur
56	server	4	exprimentation
56	server	5	mère
56	server	6	étranger
56	server	7	employé
56	server	8	e-mail
56	server	9	bouquet
56	server	10	encryptions
56	server	11	certificat
56	server	12	care
56	server	13	customer
56	server	14	multitude
56	server	15	pratique
56	server	16	lente
56	server	17	partie
56	server	18	e-mails
56	server	19	original
56	server	20	echange
57	smartphone	1	fonctionnel
57	smartphone	2	prise
57	smartphone	3	génie
57	smartphone	4	téléphonie
57	smartphone	5	contextuel
57	smartphone	6	v.5.1
57	smartphone	7	vietnam
57	smartphone	8	élève
57	smartphone	9	windows
57	smartphone	10	v.4.1
57	smartphone	11	logiciel
57	smartphone	12	chronologique
57	smartphone	13	permanent
57	smartphone	14	controlled
57	smartphone	15	v.4.2
57	smartphone	16	ipv6
57	smartphone	17	v.6.5
57	smartphone	18	vue
57	smartphone	19	actualisation
57	smartphone	20	terminal
58	infrastructure	1	infrastructure
58	infrastructure	2	hospitalier
58	infrastructure	3	intégration
58	infrastructure	4	novembre
58	infrastructure	5	point
58	infrastructure	6	radioélectrique
58	infrastructure	7	réseau
58	infrastructure	8	cœur
58	infrastructure	9	central
58	infrastructure	10	mobilité
58	infrastructure	11	liberté
58	infrastructure	12	fil
58	infrastructure	13	internet
58	infrastructure	14	facilitation
58	infrastructure	15	fils
58	infrastructure	16	minitel
58	infrastructure	17	umts
58	infrastructure	18	ii.2
58	infrastructure	19	accessible
58	infrastructure	20	wlan
59	subscriber	1	abonné
59	subscriber	2	profil
59	subscriber	3	o:\mobil\l55\m55_barracuda\fr\fug\m55_profile.fm
59	subscriber	4	o:\mobil\l55\m55_barracuda\fr\fug\m55_barracivz.fm
59	subscriber	5	modif.réglages
59	subscriber	6	activation
59	subscriber	7	défaut
59	subscriber	8	synchro
59	subscriber	9	installation
59	subscriber	10	réglage
59	subscriber	11	http
59	subscriber	12	auteur
59	subscriber	13	challenge
59	subscriber	14	angle
59	subscriber	15	côté
59	subscriber	16	générique
59	subscriber	17	activation/réglage
59	subscriber	18	connecteur
59	subscriber	19	milliard
59	subscriber	20	pile
60	channel	1	canal
60	channel	2	passe
60	channel	3	chaîne
60	channel	4	direction
60	channel	5	shadowing
60	channel	6	trajet
60	channel	7	plénier
60	channel	8	performance
60	channel	9	umts/w-cdma
60	channel	10	répartition
60	channel	11	shadow
60	channel	12	i'utra
60	channel	13	point
60	channel	14	radioélectrique
60	channel	15	obstacle
60	channel	16	chapitre
60	channel	17	saut
60	channel	18	évanouissement
60	channel	19	inférieur
60	channel	20	fil
