1	microcontroller	1	bsc+
1	microcontroller	2	air
1	microcontroller	3	enregistrement
1	microcontroller	4	emulateur
1	microcontroller	5	radioélectrique
1	microcontroller	6	iur
1	microcontroller	7	vision
1	microcontroller	8	utran
1	microcontroller	9	mots-clefs
1	microcontroller	10	postal
1	microcontroller	11	ii.2.3.2.1
1	microcontroller	12	docteur
1	microcontroller	13	évolutivité
1	microcontroller	14	iu-ps
1	microcontroller	15	interface
1	microcontroller	16	clip
1	microcontroller	17	sous-réseaux
1	microcontroller	18	program
1	microcontroller	19	m.1457
1	microcontroller	20	routage
2	receiver	1	récepteur
2	receiver	2	destinataire
2	receiver	3	casque
2	receiver	4	total
2	receiver	5	combiné
2	receiver	6	base
2	receiver	7	écouteur
2	receiver	8	microphone
2	receiver	9	recharge
2	receiver	10	space
2	receiver	11	bts
2	receiver	12	centaine
2	receiver	13	division
2	receiver	14	bsc
2	receiver	15	répartition
2	receiver	16	l2cap
2	receiver	17	device
2	receiver	18	reconnaissance
2	receiver	19	porteur
2	receiver	20	tdma
3	handset	1	combiné
3	handset	2	casque
3	handset	3	récepteur
3	handset	4	total
3	handset	5	recharge
3	handset	6	écouteur
3	handset	7	base
3	handset	8	microphone
3	handset	9	ρrt
3	handset	10	surchargé
3	handset	11	décharge
3	handset	12	son
3	handset	13	intensité
3	handset	14	module
3	handset	15	utran
3	handset	16	batterie
3	handset	17	conversationnel
3	handset	18	texte
3	handset	19	téléchargeables
3	handset	20	ems
4	broadcast	1	logiciel
4	broadcast	2	calendrier
4	broadcast	3	transmission
4	broadcast	4	programme
4	broadcast	5	transfert
4	broadcast	6	émission
4	broadcast	7	retransmission
4	broadcast	8	télévision
4	broadcast	9	diffusion
4	broadcast	10	aller
4	broadcast	11	toucher
4	broadcast	12	linux
4	broadcast	13	argument
4	broadcast	14	ρrt
4	broadcast	15	surchargé
4	broadcast	16	multihomed
4	broadcast	17	cdma-2000
4	broadcast	18	décharge
4	broadcast	19	batterie
4	broadcast	20	intensité
5	microwave	1	micro-onde
5	microwave	2	médias
5	microwave	3	imprimante
5	microwave	4	construction
5	microwave	5	métropolitain
5	microwave	6	iii.2
5	microwave	7	commode
5	microwave	8	pied
5	microwave	9	wi-fi(sans
5	microwave	10	facture
5	microwave	11	revanche
5	microwave	12	individuel
5	microwave	13	fiche
5	microwave	14	rue
5	microwave	15	modalité
5	microwave	16	communication
5	microwave	17	local
5	microwave	18	quanstellation
5	microwave	19	emplacement
5	microwave	20	mipv4
6	multicast	1	accumulateur
6	multicast	2	gramme
6	multicast	3	commentaire
6	multicast	4	octet
6	multicast	5	indispensable
6	multicast	6	header
6	multicast	7	congestion
6	multicast	8	ii.2.3.2.2
6	multicast	9	fhs
6	multicast	10	nomenclature
6	multicast	11	cac
6	multicast	12	iv.5
6	multicast	13	type
6	multicast	14	supprim
6	multicast	15	poll
6	multicast	16	retransmission
6	multicast	17	hold
6	multicast	18	paquet
6	multicast	19	groupe
6	multicast	20	pixel
7	architecture	1	architecture
7	architecture	2	structure
7	architecture	3	construction
7	architecture	4	affichable
7	architecture	5	son
7	architecture	6	image
7	architecture	7	fond
7	architecture	8	pixel
7	architecture	9	ems
7	architecture	10	déverrouillage
7	architecture	11	anniversaire
7	architecture	12	gap
7	architecture	13	implémentations
7	architecture	14	attention
7	architecture	15	offert
7	architecture	16	consécutif
7	architecture	17	perdu
7	architecture	18	graphique
7	architecture	19	lemme
7	architecture	20	fonds
8	sensor	1	capteur
8	sensor	2	hiérarchique
8	sensor	3	déverrouillage
8	sensor	4	noyau
8	sensor	5	multihomed
8	sensor	6	faisceau
8	sensor	7	nœud
8	sensor	8	axe
8	sensor	9	argument
8	sensor	10	consécutif
8	sensor	11	synchrone
8	sensor	12	instant
8	sensor	13	transmission
8	sensor	14	asynchrone
8	sensor	15	poll-1:1.353495e+01
8	sensor	16	entrée
8	sensor	17	wifi
8	sensor	18	ad'hoc
8	sensor	19	animat
8	sensor	20	nouv.répert
9	buffer	1	tampon
9	buffer	2	couverture
9	buffer	3	arrière
9	buffer	4	bloc
9	buffer	5	chiffon
9	buffer	6	concept
9	buffer	7	limite
9	buffer	8	brouillon
9	buffer	9	couvercle
9	buffer	10	marque
9	buffer	11	taquet
9	buffer	12	ii.2.3.2.2
9	buffer	13	header
9	buffer	14	nomenclature
9	buffer	15	fhs
9	buffer	16	iv.5
9	buffer	17	type
9	buffer	18	hold
9	buffer	19	poll
9	buffer	20	paquet
10	software	1	logiciel
10	software	2	software
10	software	3	calendrier
10	software	4	émission
10	software	5	programme
10	software	6	contrôle
10	software	7	mécanisme
10	software	8	control
10	software	9	conditionnement
10	software	10	stratégie
10	software	11	algorithme
10	software	12	recherche-développement
10	software	13	inhérent
10	software	14	v.6.5
10	software	15	subit
10	software	16	portefeuille
10	software	17	priorité
10	software	18	décideur
10	software	19	call
10	software	20	goldsmith
11	repeater	1	relais
11	repeater	2	bearer
11	repeater	3	utran
11	repeater	4	intégré
11	repeater	5	terrestrial
11	repeater	6	iii.5
11	repeater	7	onde
11	repeater	8	rns
11	repeater	9	general
11	repeater	10	rrc
11	repeater	11	ii.2.3.2.1
11	repeater	12	subsystem
11	repeater	13	casque
11	repeater	14	radio-électriques
11	repeater	15	téléviseur
11	repeater	16	presentation
11	repeater	17	radio
11	repeater	18	interface
11	repeater	19	soft
11	repeater	20	access
12	telecommunication	1	télécommunication
12	telecommunication	2	fracture
12	telecommunication	3	résultat
12	telecommunication	4	cité
12	telecommunication	5	illustration
12	telecommunication	6	satellite
12	telecommunication	7	téléphone
12	telecommunication	8	personnel
12	telecommunication	9	analogique
12	telecommunication	10	réinitialisation
12	telecommunication	11	gps
12	telecommunication	12	wpan
12	telecommunication	13	appels/s
12	telecommunication	14	réserve
12	telecommunication	15	conclusion
12	telecommunication	16	différence
12	telecommunication	17	poids
12	telecommunication	18	passant
12	telecommunication	19	partage
12	telecommunication	20	pdc
13	encryption	1	linux
13	encryption	2	demande
13	encryption	3	argument
13	encryption	4	multihomed
13	encryption	5	modulaire
13	encryption	6	consigne
13	encryption	7	iii.8
13	encryption	8	répertoire/
13	encryption	9	cyberservices
13	encryption	10	nœud
13	encryption	11	déterminé
13	encryption	12	sécurité
13	encryption	13	routage
13	encryption	14	lg.com
13	encryption	15	edr
13	encryption	16	u8100-9
13	encryption	17	branchement
13	encryption	18	désactivation
13	encryption	19	réussite
13	encryption	20	vpns
14	carrier	1	domestique
14	carrier	2	portefeuille
14	carrier	3	accès
14	carrier	4	déplacement
14	carrier	5	facteur
14	carrier	6	rapporteur
14	carrier	7	transport
14	carrier	8	coup
14	carrier	9	transfert
14	carrier	10	maintien
14	carrier	11	changement
14	carrier	12	serveur
14	carrier	13	mouvement
14	carrier	14	port
14	carrier	15	porteur
14	carrier	16	conduite
14	carrier	17	vecteur
14	carrier	18	jeune
14	carrier	19	rabat
14	carrier	20	grille
15	deployment	1	utilisation
15	deployment	2	téléphone
15	deployment	3	déploiement
15	deployment	4	appareil
15	deployment	5	machine
15	deployment	6	place
15	deployment	7	occupation
15	deployment	8	consommation
15	deployment	9	exploitation
15	deployment	10	fonction
15	deployment	11	profit
15	deployment	12	travail
15	deployment	13	langage
15	deployment	14	dépense
15	deployment	15	langue
15	deployment	16	bulle
15	deployment	17	poste
15	deployment	18	usage
15	deployment	19	emploi
15	deployment	20	déverrouillage
16	key	1	groupe
16	key	2	appel
16	key	3	essentiel
16	key	4	indication
16	key	5	symbole
16	key	6	sortant
16	key	7	enregistrement
16	key	8	code
16	key	9	clé
16	key	10	principal
16	key	11	connexion
16	key	12	tableau
16	key	13	clef
16	key	14	ton
16	key	15	avertissement
16	key	16	liste
16	key	17	lien
16	key	18	rapport
16	key	19	air
16	key	20	liaison
17	cellular	1	cellulaire
17	cellular	2	portable
17	cellular	3	ordinateur
17	cellular	4	attention
17	cellular	5	message-guide
17	cellular	6	déverrouillage
17	cellular	7	proximité
17	cellular	8	modem
17	cellular	9	choc
17	cellular	10	vibration
17	cellular	11	surchargé
17	cellular	12	consécutif
17	cellular	13	micrologiciel
17	cellular	14	danger
17	cellular	15	gonflable
17	cellular	16	fonctionnement
17	cellular	17	aide
17	cellular	18	o:\mobil\l55\m55_barracuda\fr\fug\m55_security.fm
17	cellular	19	personnel
17	cellular	20	mercure
18	connection	1	correspondant
18	connection	2	nœud
18	connection	3	connexion
18	connection	4	liste
18	connection	5	conformité
18	connection	6	liaison
18	connection	7	fonction
18	connection	8	lien
18	connection	9	communication
18	connection	10	voisin
18	connection	11	service
18	connection	12	réseau
18	connection	13	raison
18	connection	14	marché
18	connection	15	étude
18	connection	16	pan
18	connection	17	débit
18	connection	18	manière
18	connection	19	partie
18	connection	20	essai
19	spectrum	1	éventail
19	spectrum	2	spectral
19	spectrum	3	spectre
19	spectrum	4	choix
19	spectrum	5	suite
19	spectrum	6	gamme
19	spectrum	7	plage
19	spectrum	8	émergence
19	spectrum	9	série
19	spectrum	10	échelle
19	spectrum	11	tranche
19	spectrum	12	apparition
19	spectrum	13	enchaînement
19	spectrum	14	resource
19	spectrum	15	develop
19	spectrum	16	importance
19	spectrum	17	minimum
19	spectrum	18	ressource
19	spectrum	19	zone
19	spectrum	20	juridique
20	cell	1	noyau
20	cell	2	charge
20	cell	3	cellule
20	cell	4	élément
20	cell	5	membre
20	cell	6	tâche
20	cell	7	bouton
20	cell	8	objet
20	cell	9	article
20	cell	10	numéro
20	cell	11	commission
20	cell	12	offert
20	cell	13	nodes
20	cell	14	zone
20	cell	15	wlans
20	cell	16	cohabitation
20	cell	17	portefeuille
20	cell	18	prestation
20	cell	19	circulation
20	cell	20	émetteurs-récepteurs
21	transmission	1	transmission
21	transmission	2	transfert
21	transmission	3	communication
21	transmission	4	reprise
21	transmission	5	appel
21	transmission	6	service
21	transmission	7	information
21	transmission	8	télévision
21	transmission	9	fonction
21	transmission	10	info
21	transmission	11	déplacement
21	transmission	12	rapport
21	transmission	13	renvoi
21	transmission	14	changement
21	transmission	15	annonce
21	transmission	16	brève
21	transmission	17	office
21	transmission	18	rappel
21	transmission	19	métier
21	transmission	20	exposé
22	antenna	1	antenne
22	antenna	2	toucher
22	antenna	3	i.2
22	antenna	4	snr
22	antenna	5	comparaison
22	antenna	6	tableau
22	antenna	7	i.1
22	antenna	8	ci-après
22	antenna	9	avantage
22	antenna	10	particulier
22	antenna	11	left
22	antenna	12	division
22	antenna	13	besoin
22	antenna	14	terre
22	antenna	15	répartition
22	antenna	16	choix
22	antenna	17	plateformes
22	antenna	18	porteur
22	antenna	19	mcs
22	antenna	20	technologique
23	node	1	nœud
23	node	2	liaison
23	node	3	lien
23	node	4	relation
23	node	5	entrée
23	node	6	animat
23	node	7	nouv.répert
23	node	8	sélection
23	node	9	sélect
23	node	10	répertoire
23	node	11	annuaire
23	node	12	enregistr
23	node	13	annuaire/du
23	node	14	confirmation
23	node	15	entrée>
23	node	16	anniversaire
23	node	17	modif.réglages
23	node	18	organiseur
23	node	19	note
23	node	20	val
24	traffic	1	cours
24	traffic	2	rapport
24	traffic	3	affaire
24	traffic	4	trafic
24	traffic	5	navigation
24	traffic	6	relation
24	traffic	7	passage
24	traffic	8	manière
24	traffic	9	marché
24	traffic	10	contrat
24	traffic	11	traitement
24	traffic	12	accord
24	traffic	13	commerce
24	traffic	14	titre
24	traffic	15	tente
24	traffic	16	contact
24	traffic	17	magasin
24	traffic	18	boutique
24	traffic	19	circulation
24	traffic	20	v5.0.1
25	router	1	maq-16
25	router	2	topologie
25	router	3	header
25	router	4	ii.2.3.2.2
25	router	5	hold
25	router	6	nomenclature
25	router	7	type
25	router	8	fhs
25	router	9	iv.5
25	router	10	poll
25	router	11	contribution
25	router	12	paquet
25	router	13	slots
25	router	14	considération
25	router	15	mode
25	router	16	congestion
25	router	17	attribution
25	router	18	indique
25	router	19	retransmission
25	router	20	temps
26	interference	1	interférence
26	interference	2	court-circuit
26	interference	3	intervention
26	interference	4	hybride
26	interference	5	supprim
26	interference	6	voip
26	interference	7	silence
26	interference	8	formatage
26	interference	9	immédiat
26	interference	10	partitionnement
26	interference	11	groupe
26	interference	12	pin
26	interference	13	communication
26	interference	14	utilis
26	interference	15	qualité
26	interference	16	préféré
26	interference	17	mains-lib
26	interference	18	signature
26	interference	19	fournisseur
26	interference	20	perte
27	jitter	1	ii.2.3.2.2
27	jitter	2	header
27	jitter	3	nomenclature
27	jitter	4	iv.5
27	jitter	5	fhs
27	jitter	6	type
27	jitter	7	hold
27	jitter	8	poll
27	jitter	9	indique
27	jitter	10	slots
27	jitter	11	retransmission
27	jitter	12	paquet
27	jitter	13	tampon
27	jitter	14	maxi
27	jitter	15	congestion
27	jitter	16	brique
27	jitter	17	wml
27	jitter	18	émetteur
27	jitter	19	récépissé
27	jitter	20	commutation
28	packet	1	paquet
28	packet	2	économie
28	packet	3	couverture
28	packet	4	commun
28	packet	5	groupe
28	packet	6	routage
28	packet	7	forme
28	packet	8	acheminement
28	packet	9	conjoint
28	packet	10	faisceau
28	packet	11	simultané
28	packet	12	envoi
28	packet	13	boîte
28	packet	14	étui
28	packet	15	train
28	packet	16	masse
28	packet	17	expédition
28	packet	18	boîtier
28	packet	19	commission
28	packet	20	ensemble
29	internet	1	internet
29	internet	2	point
29	internet	3	subit
29	internet	4	contrôle
29	internet	5	radioélectrique
29	internet	6	windows®
29	internet	7	fichier
29	internet	8	utran
29	internet	9	ii.2.3.2.1
29	internet	10	rapide
29	internet	11	stratum
29	internet	12	intégré
29	internet	13	répartition
29	internet	14	indépendance
29	internet	15	control
29	internet	16	strate
29	internet	17	mécanisme
29	internet	18	avance
29	internet	19	nouveau
29	internet	20	réseau
30	satellite	1	satellite
30	satellite	2	cellulaire
30	satellite	3	fach
30	satellite	4	transport
30	satellite	5	cpch
30	satellite	6	khz
30	satellite	7	autre
30	satellite	8	portable
30	satellite	9	donnée
30	satellite	10	rach
30	satellite	11	ordinateur
30	satellite	12	canal
30	satellite	13	physique
30	satellite	14	décodage
30	satellite	15	construction
30	satellite	16	sens
30	satellite	17	proximité
30	satellite	18	message-guide
30	satellite	19	paging
30	satellite	20	attention
31	modem	1	modem
31	modem	2	carnet
31	modem	3	fin
31	modem	4	avantageux
31	modem	5	calculatrice
31	modem	6	apprentissage
31	modem	7	v.7.2
31	modem	8	bloc-notes
31	modem	9	normal
31	modem	10	refus
31	modem	11	iv.11.3
31	modem	12	commencement
31	modem	13	abordable
31	modem	14	million
31	modem	15	caméra
31	modem	16	communication
31	modem	17	juin
31	modem	18	domestique
31	modem	19	calculateur
31	modem	20	conversion
32	signal	1	appel
32	signal	2	renvoi
32	signal	3	ressource
32	signal	4	moyen
32	signal	5	communication
32	signal	6	dit
32	signal	7	principal
32	signal	8	lumineux
32	signal	9	conséquent
32	signal	10	signal
32	signal	11	important
32	signal	12	notification
32	signal	13	panneau
32	signal	14	visible
32	signal	15	accès
32	signal	16	considérable
32	signal	17	adresse
32	signal	18	tendance
32	signal	19	avertissement
32	signal	20	tableau
33	switch	1	transmission
33	switch	2	opération
33	switch	3	investissement
33	switch	4	émission
33	switch	5	standard
33	switch	6	transfert
33	switch	7	partie
33	switch	8	direction
33	switch	9	cordon
33	switch	10	soin
33	switch	11	instruction
33	switch	12	haut
33	switch	13	avertissement
33	switch	14	reprise
33	switch	15	contrat
33	switch	16	nouveau
33	switch	17	marché
33	switch	18	rapport
33	switch	19	commande
33	switch	20	demande
34	frequency	1	rotation
34	frequency	2	conversion
34	frequency	3	fréquence
34	frequency	4	arrière
34	frequency	5	correction
34	frequency	6	réveil
34	frequency	7	boucle
34	frequency	8	réglage
34	frequency	9	indicatif
34	frequency	10	retour
34	frequency	11	groupe
34	frequency	12	utilis
34	frequency	13	préféré
34	frequency	14	circulaire
34	frequency	15	numér.vocale
34	frequency	16	topographique
34	frequency	17	s.r0097
34	frequency	18	ii.2.2.1
34	frequency	19	videosms/pc
34	frequency	20	organe
35	security	1	qualité
35	security	2	essai
35	security	3	bon
35	security	4	intérêt
35	security	5	rapport
35	security	6	interrogation
35	security	7	sécurité
35	security	8	marché
35	security	9	importance
35	security	10	contrat
35	security	11	analyse
35	security	12	test
35	security	13	sûr
35	security	14	rôle
35	security	15	sens
35	security	16	manière
35	security	17	droit
35	security	18	échantillon
35	security	19	titre
35	security	20	portée
36	datum	1	donné
36	datum	2	donnée
36	datum	3	renseignement
36	datum	4	point
36	datum	5	communication
36	datum	6	volant
36	datum	7	internet
36	datum	8	nœud
36	datum	9	mains-lib
36	datum	10	délai
36	datum	11	frappe
36	datum	12	radioélectrique
36	datum	13	antécédent
36	datum	14	perte
36	datum	15	ifi
36	datum	16	nouveau
36	datum	17	réussite
36	datum	18	arrière-plan
36	datum	19	contention
36	datum	20	ouvert
37	digital	1	numérique
37	digital	2	digital
37	digital	3	avènement
37	digital	4	donnée
37	digital	5	pays
37	digital	6	demande
37	digital	7	ptot,j
37	digital	8	émission
37	digital	9	puissance
37	digital	10	air
37	digital	11	international
37	digital	12	bsc+
37	digital	13	téléphone
37	digital	14	radioélectrique
37	digital	15	son
37	digital	16	réalisable
37	digital	17	décideur
37	digital	18	alignement
37	digital	19	bureau
37	digital	20	affichable
38	bandwidth	1	franc
38	bandwidth	2	importance
38	bandwidth	3	million
38	bandwidth	4	resource
38	bandwidth	5	develop
38	bandwidth	6	émission
38	bandwidth	7	stabilité
38	bandwidth	8	maq-16
38	bandwidth	9	rayonnement
38	bandwidth	10	juridique
38	bandwidth	11	dynamique
38	bandwidth	12	minimum
38	bandwidth	13	fonction
38	bandwidth	14	ressource
38	bandwidth	15	énergie
38	bandwidth	16	faible
38	bandwidth	17	interopérabilité
38	bandwidth	18	danger
38	bandwidth	19	abordable
38	bandwidth	20	puissance
39	multi-carrier	1	offert
39	multi-carrier	2	nodes
39	multi-carrier	3	zone
39	multi-carrier	4	wlans
39	multi-carrier	5	cohabitation
39	multi-carrier	6	doze
39	multi-carrier	7	drf
39	multi-carrier	8	emploi
39	multi-carrier	9	veille
39	multi-carrier	10	ad-hoc
39	multi-carrier	11	portefeuille
39	multi-carrier	12	agressif
39	multi-carrier	13	couverture
39	multi-carrier	14	peer-to-peer
39	multi-carrier	15	ii.1
39	multi-carrier	16	injoignable
39	multi-carrier	17	avion
39	multi-carrier	18	prestation
39	multi-carrier	19	mode
39	multi-carrier	20	émetteurs-récepteurs
40	wireless	1	rayon
40	wireless	2	radio
40	wireless	3	auditeur
40	wireless	4	autre
40	wireless	5	décodage
40	wireless	6	déverrouillage
40	wireless	7	point
40	wireless	8	destruction
40	wireless	9	politiques/régulateurs
40	wireless	10	internet
40	wireless	11	consécutif
40	wireless	12	radioélectrique
40	wireless	13	gris
40	wireless	14	attention
40	wireless	15	liberté
40	wireless	16	hertzien
40	wireless	17	corrélateur
40	wireless	18	rubrique
40	wireless	19	relatif
40	wireless	20	nouveau
41	ethernet	1	point
41	ethernet	2	facture
41	ethernet	3	réseau
41	ethernet	4	internet
41	ethernet	5	métropolitain
41	ethernet	6	radioélectrique
41	ethernet	7	médias
41	ethernet	8	wi-fi(sans
41	ethernet	9	déverrouillage
41	ethernet	10	réinitialisation
41	ethernet	11	quanstellation
41	ethernet	12	répartition
41	ethernet	13	stratum
41	ethernet	14	lan
41	ethernet	15	milieu
41	ethernet	16	local
41	ethernet	17	overlay
41	ethernet	18	pied
41	ethernet	19	wi-fi
41	ethernet	20	recouvrement
42	electromagnetic	1	consigne
42	electromagnetic	2	affichable
42	electromagnetic	3	son
42	electromagnetic	4	iii.8
42	electromagnetic	5	cyberservices
42	electromagnetic	6	fond
42	electromagnetic	7	image
42	electromagnetic	8	pixel
42	electromagnetic	9	sécurité
42	electromagnetic	10	lg.com
42	electromagnetic	11	ems
42	electromagnetic	12	edr
42	electromagnetic	13	u8100-9
42	electromagnetic	14	modulaire
42	electromagnetic	15	vpns
42	electromagnetic	16	kcodes
42	electromagnetic	17	anniversaire
42	electromagnetic	18	confidentialité
42	electromagnetic	19	volant
42	electromagnetic	20	reçu
43	proxy	1	demande
43	proxy	2	tâche
43	proxy	3	commande
43	proxy	4	puissance
43	proxy	5	charge
43	proxy	6	contrôle
43	proxy	7	envoi
43	proxy	8	domaine
43	proxy	9	plan
43	proxy	10	niveau
43	proxy	11	bureau
43	proxy	12	ordre
43	proxy	13	soin
43	proxy	14	propriété
43	proxy	15	consigne
43	proxy	16	classification
43	proxy	17	directive
43	proxy	18	autorisation
43	proxy	19	instruction
43	proxy	20	pouvoir
44	telephony	1	téléphonie
44	telephony	2	entrée
44	telephony	3	animat
44	telephony	4	nouv.répert
44	telephony	5	sélection
44	telephony	6	sélect
44	telephony	7	répertoire
44	telephony	8	annuaire
44	telephony	9	enregistr
44	telephony	10	confirmation
44	telephony	11	annuaire/du
44	telephony	12	entrée>
44	telephony	13	organiseur
44	telephony	14	inhérent
44	telephony	15	constellation
44	telephony	16	v.6.5
44	telephony	17	anniversaire
44	telephony	18	recherche-développement
44	telephony	19	modif.réglages
44	telephony	20	note
45	protocol	1	protocole
45	protocol	2	wap.my-siemens.com
45	protocol	3	supprim
45	protocol	4	intranet
45	protocol	5	volonté
45	protocol	6	ezweb
45	protocol	7	téléchargement
45	protocol	8	point
45	protocol	9	ingénierie
45	protocol	10	internet
45	protocol	11	voip
45	protocol	12	exécutable
45	protocol	13	essai
45	protocol	14	navigation
45	protocol	15	uniform
45	protocol	16	milliard
45	protocol	17	silence
45	protocol	18	device
45	protocol	19	synchronisation
45	protocol	20	perdu
46	application	1	application
46	application	2	lancement
46	application	3	attention
46	application	4	risque
46	application	5	nécessité
46	application	6	charge
46	application	7	demande
46	application	8	souscription
46	application	9	sens
46	application	10	abonnement
46	application	11	poids
46	application	12	intérêt
46	application	13	répartition
46	application	14	problème
46	application	15	exigence
46	application	16	difficulté
46	application	17	garde
46	application	18	commission
46	application	19	commande
46	application	20	diffusion
47	speed	1	domaine
47	speed	2	rapidité
47	speed	3	maintien
47	speed	4	vitesse
47	speed	5	système
47	speed	6	grâce
47	speed	7	erreur
47	speed	8	règlement
47	speed	9	transport
47	speed	10	intention
47	speed	11	marche
47	speed	12	touche
47	speed	13	régime
47	speed	14	aspect
47	speed	15	mesure
47	speed	16	train
47	speed	17	présentation
47	speed	18	cours
47	speed	19	image
47	speed	20	scénario
48	connectivity	1	zone
48	connectivity	2	cesse
48	connectivity	3	suburbain
48	connectivity	4	urbain
48	connectivity	5	micro-cellules
48	connectivity	6	jeune
48	connectivity	7	ouganda
48	connectivity	8	âge
48	connectivity	9	sol
48	connectivity	10	soin
48	connectivity	11	économique
48	connectivity	12	déverrouillage
48	connectivity	13	complémentaire
48	connectivity	14	accessibilité
48	connectivity	15	vision
48	connectivity	16	architecture
48	connectivity	17	couverture
48	connectivity	18	wae
48	connectivity	19	général
48	connectivity	20	attention
49	provider	1	fournisseur
49	provider	2	flot
49	provider	3	qualité
49	provider	4	fourniture
49	provider	5	support
49	provider	6	lancement
49	provider	7	non-sollicitée
49	provider	8	classe
49	provider	9	aol
49	provider	10	centre
49	provider	11	contrat
49	provider	12	prestation
49	provider	13	offre
49	provider	14	yahoo
49	provider	15	quasi-totalité
49	provider	16	actualité
49	provider	17	universel
49	provider	18	visioconférence
49	provider	19	acceptation
49	provider	20	visiophonie
50	interface	1	interface
50	interface	2	travers
50	interface	3	divertissement
50	interface	4	représentant
50	interface	5	gestionnaire
50	interface	6	agent
50	interface	7	intermédiaire
50	interface	8	tierce
50	interface	9	application
50	interface	10	program
50	interface	11	android
50	interface	12	exemple
50	interface	13	jeu
50	interface	14	framework
50	interface	15	fracture
50	interface	16	documentation
50	interface	17	téléchargement
50	interface	18	résultat
50	interface	19	développeurs
50	interface	20	pied
51	bluetooth	1	pin
51	bluetooth	2	partitionnement
51	bluetooth	3	code
51	bluetooth	4	pin2
51	bluetooth	5	plage
51	bluetooth	6	master
51	bluetooth	7	puk
51	bluetooth	8	kcodes
51	bluetooth	9	chg
51	bluetooth	10	fonction
51	bluetooth	11	groupe
51	bluetooth	12	préféré
51	bluetooth	13	déverrouillage
51	bluetooth	14	capacité
51	bluetooth	15	qualité
51	bluetooth	16	lumineux
51	bluetooth	17	fournisseur
51	bluetooth	18	communication
51	bluetooth	19	aide
51	bluetooth	20	atout
52	multimedia	1	multimédia
52	multimedia	2	multimedia
52	multimedia	3	qualité
52	multimedia	4	fournisseur
52	multimedia	5	fourniture
52	multimedia	6	support
52	multimedia	7	autre
52	multimedia	8	classe
52	multimedia	9	lancement
52	multimedia	10	non-sollicitée
52	multimedia	11	décodage
52	multimedia	12	aol
52	multimedia	13	prestation
52	multimedia	14	centre
52	multimedia	15	offre
52	multimedia	16	contrat
52	multimedia	17	souscription
52	multimedia	18	yahoo
52	multimedia	19	destruction
52	multimedia	20	quasi-totalité
53	coverage	1	couverture
53	coverage	2	couche
53	coverage	3	information
53	coverage	4	renseignement
53	coverage	5	pont
53	coverage	6	boîte
53	coverage	7	façade
53	coverage	8	couvercle
53	coverage	9	marquage
53	coverage	10	tampon
53	coverage	11	boîtier
53	coverage	12	émission
53	coverage	13	puissance
53	coverage	14	niveau
53	coverage	15	iv.10
53	coverage	16	register
53	coverage	17	contraint
53	coverage	18	cch
53	coverage	19	rayonnement
53	coverage	20	iii.9
54	authentication	1	confirmation
54	authentication	2	validation
54	authentication	3	groupe
54	authentication	4	utilis
54	authentication	5	préféré
54	authentication	6	consigne
54	authentication	7	circulaire
54	authentication	8	topographique
54	authentication	9	numér.vocale
54	authentication	10	ii.2.2.3
54	authentication	11	iii.8
54	authentication	12	individuel
54	authentication	13	s.r0097
54	authentication	14	cyberservices
54	authentication	15	ii.2.2.1
54	authentication	16	videosms/pc
54	authentication	17	organe
54	authentication	18	élément
54	authentication	19	domain
54	authentication	20	sécurité
55	broadband	1	point
55	broadband	2	internet
55	broadband	3	radioélectrique
55	broadband	4	utran
55	broadband	5	tierce
55	broadband	6	program
55	broadband	7	application
55	broadband	8	bearer
55	broadband	9	jeu
55	broadband	10	terrestrial
55	broadband	11	android
55	broadband	12	framework
55	broadband	13	stratum
55	broadband	14	téléchargement
55	broadband	15	radio
55	broadband	16	nœud
55	broadband	17	documentation
55	broadband	18	répartition
55	broadband	19	développeurs
55	broadband	20	rns
56	server	1	serveur
56	server	2	jeu
56	server	3	jeune
56	server	4	tableau
56	server	5	final
56	server	6	plate-forme
56	server	7	domestique
56	server	8	total
56	server	9	panneau
56	server	10	auto
56	server	11	set
56	server	12	porteur
56	server	13	scène
56	server	14	rural
56	server	15	suburbain
56	server	16	urbain
56	server	17	couverture
56	server	18	dynamitage
56	server	19	téléchargement
56	server	20	wap.my-siemens.com
57	smartphone	1	contrôle
57	smartphone	2	mécanisme
57	smartphone	3	control
57	smartphone	4	subit
57	smartphone	5	inhérent
57	smartphone	6	v.6.5
57	smartphone	7	portefeuille
57	smartphone	8	recherche-développement
57	smartphone	9	cac
57	smartphone	10	graphique
57	smartphone	11	décideur
57	smartphone	12	conditionnement
57	smartphone	13	stratégie
57	smartphone	14	formation
57	smartphone	15	iv.11.5
57	smartphone	16	atout
57	smartphone	17	snr
57	smartphone	18	i.2
57	smartphone	19	tierce
57	smartphone	20	algorithme
58	infrastructure	1	infrastructure
58	infrastructure	2	hospitalier
58	infrastructure	3	intégration
58	infrastructure	4	novembre
58	infrastructure	5	mobilité
58	infrastructure	6	facilitation
58	infrastructure	7	minitel
58	infrastructure	8	déverrouillage
58	infrastructure	9	facilitateur
58	infrastructure	10	accessible
58	infrastructure	11	hébergement
58	infrastructure	12	consécutif
58	infrastructure	13	intranet
58	infrastructure	14	télécom
58	infrastructure	15	client/serveur
58	infrastructure	16	j2me
58	infrastructure	17	avignon
58	infrastructure	18	orientation
58	infrastructure	19	bsc+
58	infrastructure	20	air
59	subscriber	1	abonné
59	subscriber	2	membre
59	subscriber	3	associé
59	subscriber	4	divertissement
59	subscriber	5	ami
59	subscriber	6	dépendant
59	subscriber	7	providers
59	subscriber	8	déverrouillage
59	subscriber	9	challenge
59	subscriber	10	supplémentaire
59	subscriber	11	content
59	subscriber	12	consécutif
59	subscriber	13	milliard
59	subscriber	14	hébergement
59	subscriber	15	picasa
59	subscriber	16	franc
59	subscriber	17	bspr
59	subscriber	18	fournisseur
59	subscriber	19	lancement
59	subscriber	20	moitié
60	channel	1	cours
60	channel	2	canal
60	channel	3	uniforme
60	channel	4	plage
60	channel	5	directive
60	channel	6	conforme
60	channel	7	aide
60	channel	8	installation
60	channel	9	réalisation
60	channel	10	endroit
60	channel	11	circuit
60	channel	12	circonstance
60	channel	13	rue
60	channel	14	sens
60	channel	15	assistance
60	channel	16	côté
60	channel	17	commande
60	channel	18	couche
60	channel	19	coup
60	channel	20	secours
