1	rotor	1	modified
1	rotor	2	element
1	rotor	3	geometry
1	rotor	4	root
1	rotor	5	tip
1	rotor	6	rotation
1	rotor	7	view
1	rotor	8	junction
1	rotor	9	length
1	rotor	10	untwisted
1	rotor	11	chord-length
1	rotor	12	hawt
1	rotor	13	blade
1	rotor	14	circulation
1	rotor	15	variation
1	rotor	16	covering
1	rotor	17	shape
1	rotor	18	passage
1	rotor	19	figure
1	rotor	20	rotor
2	kilowatt	1	a(1
2	kilowatt	2	a(deg
2	kilowatt	3	a)[1
2	kilowatt	4	a)hydrogen
2	kilowatt	5	a)rdr
2	kilowatt	6	a)λ
2	kilowatt	7	a)λr3d
2	kilowatt	8	a*180/pi
2	kilowatt	9	a,b,c
2	kilowatt	10	a-1
2	kilowatt	11	a-2
2	kilowatt	12	a-3
2	kilowatt	13	a-4
2	kilowatt	14	a->g
2	kilowatt	15	a-weighted
2	kilowatt	16	a-weighting
2	kilowatt	17	a.1
2	kilowatt	18	a.1.1
2	kilowatt	19	a.2
2	kilowatt	20	a.3
3	radioactif	1	hot
3	radioactif	2	radioactive
3	radioactif	3	hydride
3	radioactif	4	sponge
3	radioactif	5	dwelling
3	radioactif	6	iron
3	radioactif	7	hunting
3	radioactif	8	degradation
3	radioactif	9	elevated
3	radioactif	10	confidential
3	radioactif	11	doctor
3	radioactif	12	cutting
3	radioactif	13	noise-induced
3	radioactif	14	manufacture
3	radioactif	15	halting
3	radioactif	16	hearing
3	radioactif	17	liter
3	radioactif	18	controlled
3	radioactif	19	roost
3	radioactif	20	alloy
4	hydroélectricité	1	energy
4	hydroélectricité	2	source
4	hydroélectricité	3	laboratory
4	hydroélectricité	4	quest
4	hydroélectricité	5	target
4	hydroélectricité	6	roadmap
4	hydroélectricité	7	gross
4	hydroélectricité	8	electricity
4	hydroélectricité	9	promotion
4	hydroélectricité	10	share
4	hydroélectricité	11	golden
4	hydroélectricité	12	progress
4	hydroélectricité	13	corbus
4	hydroélectricité	14	chip
4	hydroélectricité	15	company
4	hydroélectricité	16	d.2
4	hydroélectricité	17	brower
4	hydroélectricité	18	fight
4	hydroélectricité	19	memorandum
4	hydroélectricité	20	campaign
5	anémomètre	1	tail
5	anémomètre	2	charge
5	anémomètre	3	switch
5	anémomètre	4	stop
5	anémomètre	5	farm
5	anémomètre	6	precision
5	anémomètre	7	anemometer
5	anémomètre	8	sensor
5	anémomètre	9	direction
5	anémomètre	10	generic
5	anémomètre	11	gain
5	anémomètre	12	instant
5	anémomètre	13	turbine
5	anémomètre	14	pasqualetti
5	anémomètre	15	two-bladed
5	anémomètre	16	proposition
5	anémomètre	17	pacific
5	anémomètre	18	bladed
5	anémomètre	19	battery
5	anémomètre	20	confidential
6	photovoltaïque	1	merit
6	photovoltaïque	2	precision
6	photovoltaïque	3	pacific
6	photovoltaïque	4	minister
6	photovoltaïque	5	proposition
6	photovoltaïque	6	hose
6	photovoltaïque	7	tide
6	photovoltaïque	8	specification
6	photovoltaïque	9	farm
6	photovoltaïque	10	n,y
6	photovoltaïque	11	reality
6	photovoltaïque	12	domestic
6	photovoltaïque	13	turbine
6	photovoltaïque	14	solar
6	photovoltaïque	15	second-bysecond
6	photovoltaïque	16	dangerous
6	photovoltaïque	17	pasqualetti
6	photovoltaïque	18	intermediate
6	photovoltaïque	19	dependency
6	photovoltaïque	20	azimut
7	aérogénérateur	1	xviii
7	aérogénérateur	2	plant
7	aérogénérateur	3	curve
7	aérogénérateur	4	bat
7	aérogénérateur	5	coefficient
7	aérogénérateur	6	isometric
7	aérogénérateur	7	station
7	aérogénérateur	8	feigao
7	aérogénérateur	9	mva
7	aérogénérateur	10	maximum
7	aérogénérateur	11	coefficient,cp
7	aérogénérateur	12	makkonen
7	aérogénérateur	13	annular
7	aérogénérateur	14	chord-lengths
7	aérogénérateur	15	lithuanian
7	aérogénérateur	16	windfarms
7	aérogénérateur	17	producer
7	aérogénérateur	18	d.c
7	aérogénérateur	19	production
7	aérogénérateur	20	pure
8	aérodynamique	1	aerodynamic
8	aérodynamique	2	aerodynamics
8	aérodynamique	3	streamlined
8	aérodynamique	4	renewable
8	aérodynamique	5	kinetic
8	aérodynamique	6	blade
8	aérodynamique	7	hydrologic
8	aérodynamique	8	modified
8	aérodynamique	9	untwisted
8	aérodynamique	10	vertical-axis
8	aérodynamique	11	circulation
8	aérodynamique	12	drag
8	aérodynamique	13	maximum
8	aérodynamique	14	root
8	aérodynamique	15	element
8	aérodynamique	16	kilowatt
8	aérodynamique	17	persian
8	aérodynamique	18	coefficient
8	aérodynamique	19	focus
8	aérodynamique	20	hawt
9	kilowattheure	1	kilowatt-hour
9	kilowattheure	2	prohibitive
9	kilowattheure	3	marginal
9	kilowattheure	4	cost
9	kilowattheure	5	maintenance
9	kilowattheure	6	capital
9	kilowattheure	7	property
9	kilowattheure	8	quote
9	kilowattheure	9	three-mile
9	kilowattheure	10	clary
9	kilowattheure	11	investment
9	kilowattheure	12	budget
9	kilowattheure	13	usd/mwh
9	kilowattheure	14	pitch-change
9	kilowattheure	15	payback
9	kilowattheure	16	liable
9	kilowattheure	17	final/2
9	kilowattheure	18	answer
9	kilowattheure	19	return
9	kilowattheure	20	hygiene
10	arbre	1	axis
10	arbre	2	hub
10	arbre	3	shaft
10	arbre	4	post
10	arbre	5	pole
10	arbre	6	mast
10	arbre	7	staff
10	arbre	8	pivot
10	arbre	9	tree
10	arbre	10	axle
10	arbre	11	pin
10	arbre	12	swivel
10	arbre	13	hinge
10	arbre	14	spindle
10	arbre	15	owner
10	arbre	16	non-participating
10	arbre	17	adjacent
10	arbre	18	defective
10	arbre	19	integral
10	arbre	20	pscad®
11	inertiel	1	pine
11	inertiel	2	transmission
11	inertiel	3	dot-dash
11	inertiel	4	contiguous
11	inertiel	5	voltmeter
11	inertiel	6	guy
11	inertiel	7	trial
11	inertiel	8	fiber
11	inertiel	9	activity
11	inertiel	10	prepayment
11	inertiel	11	plan
11	inertiel	12	sponsor
11	inertiel	13	jepirachi
11	inertiel	14	document
11	inertiel	15	upper
11	inertiel	16	boundary
11	inertiel	17	one-mile
11	inertiel	18	credit
11	inertiel	19	benchmark
11	inertiel	20	electric
12	biomasse	1	biomass
12	biomasse	2	transmission
12	biomasse	3	dot-dash
12	biomasse	4	contiguous
12	biomasse	5	electric
12	biomasse	6	fiber
12	biomasse	7	hose
12	biomasse	8	motor
12	biomasse	9	fence
12	biomasse	10	wearless
12	biomasse	11	watercourse
12	biomasse	12	continuous
12	biomasse	13	drive
12	biomasse	14	burning
12	biomasse	15	meadow
12	biomasse	16	pump
12	biomasse	17	crossing
12	biomasse	18	parcel
12	biomasse	19	property
12	biomasse	20	tertiary
13	météorologique	1	weather
13	météorologique	2	meteorological
13	météorologique	3	microphone
13	météorologique	4	ceilometer
13	météorologique	5	technician
13	météorologique	6	conduct
13	météorologique	7	daytime
13	météorologique	8	gentle
13	météorologique	9	violent
13	météorologique	10	break
13	météorologique	11	vertical-axis
13	météorologique	12	breeze
13	météorologique	13	storm
13	météorologique	14	radar
13	météorologique	15	initiation
13	météorologique	16	mind
13	météorologique	17	study
13	météorologique	18	spring
13	météorologique	19	persian
13	météorologique	20	b.3
14	synchrone	1	synchronous
14	synchrone	2	r.p.m
14	synchrone	3	pole
14	synchrone	4	driven
14	synchrone	5	gearbox
14	synchrone	6	magnet
14	synchrone	7	oscilloscope
14	synchrone	8	generator
14	synchrone	9	electrical
14	synchrone	10	stable
14	synchrone	11	type(s
14	synchrone	12	permanent
14	synchrone	13	synchronicity
14	synchrone	14	voltmeter
14	synchrone	15	hose
14	synchrone	16	bit
14	synchrone	17	motor
14	synchrone	18	winch
14	synchrone	19	precaution
14	synchrone	20	d.s
15	tripale	1	axis
15	tripale	2	axle-type
15	tripale	3	vertical
15	tripale	4	turbine
15	tripale	5	horizontal
15	tripale	6	pasqualetti
15	tripale	7	small
15	tripale	8	bose
15	tripale	9	gearless
15	tripale	10	horizontal-axis
15	tripale	11	farm
15	tripale	12	two-bladed
15	tripale	13	enfield-andreau
15	tripale	14	modern
15	tripale	15	wind
15	tripale	16	kinematics
15	tripale	17	vertical-axis
15	tripale	18	speed
15	tripale	19	height
15	tripale	20	rigid
16	girouette	1	a(1
16	girouette	2	a(deg
16	girouette	3	a)[1
16	girouette	4	a)hydrogen
16	girouette	5	a)rdr
16	girouette	6	a)λ
16	girouette	7	a)λr3d
16	girouette	8	a*180/pi
16	girouette	9	a,b,c
16	girouette	10	a-1
16	girouette	11	a-2
16	girouette	12	a-3
16	girouette	13	a-4
16	girouette	14	a->g
16	girouette	15	a-weighted
16	girouette	16	a-weighting
16	girouette	17	a.1
16	girouette	18	a.1.1
16	girouette	19	a.2
16	girouette	20	a.3
17	vent	1	wind
17	vent	2	speed
17	vent	3	location
17	vent	4	twist
17	vent	5	external
17	vent	6	draft
17	vent	7	bearing
17	vent	8	rate
17	vent	9	air
17	vent	10	surface
17	vent	11	outer
17	vent	12	gas
17	vent	13	west
17	vent	14	cable
17	vent	15	elastic
17	vent	16	western
17	vent	17	sunset
17	vent	18	approach
17	vent	19	aspect
17	vent	20	show
18	électromagnétique	1	electromagnetic
18	électromagnétique	2	peninsula
18	électromagnétique	3	displacement
18	électromagnétique	4	bat
18	électromagnétique	5	distancing
18	électromagnétique	6	healthy
18	électromagnétique	7	circuit
18	électromagnétique	8	makkonen
18	électromagnétique	9	wellbeing
18	électromagnétique	10	adverse
18	électromagnétique	11	damaged
18	électromagnétique	12	synchronous
18	électromagnétique	13	system
18	électromagnétique	14	sleep
18	électromagnétique	15	cumulative
18	électromagnétique	16	significant
18	électromagnétique	17	definite
18	électromagnétique	18	r.p.m
18	électromagnétique	19	tiny
18	électromagnétique	20	solar-wind
19	électromécanique	1	low
19	électromécanique	2	audible
19	électromécanique	3	wavelength
19	électromécanique	4	infrasound
19	électromécanique	5	sound
19	électromécanique	6	tone
19	électromécanique	7	ac/dc/ac
19	électromécanique	8	diode
19	électromécanique	9	high
19	électromécanique	10	h.g
19	électromécanique	11	sheep
19	électromécanique	12	carrier
19	électromécanique	13	bridge
19	électromécanique	14	prominent
19	électromécanique	15	attenuation
19	électromécanique	16	resistive
19	électromécanique	17	subaudible
19	électromécanique	18	vibration
19	électromécanique	19	parameterized
19	électromécanique	20	noise
20	nuisance	1	annoyance
20	nuisance	2	disturbance
20	nuisance	3	risk
20	nuisance	4	constraint
20	nuisance	5	disorder
20	nuisance	6	disadvantage
20	nuisance	7	objection
20	nuisance	8	pollution
20	nuisance	9	disruption
20	nuisance	10	drawback
20	nuisance	11	problem
20	nuisance	12	discomfort
20	nuisance	13	embarrassment
20	nuisance	14	nuisance
20	nuisance	15	laino
20	nuisance	16	element
20	nuisance	17	modified
20	nuisance	18	geometry
20	nuisance	19	root
20	nuisance	20	guide
21	générateur	1	generator
21	générateur	2	generating
21	générateur	3	brushless
21	générateur	4	classical
21	générateur	5	inertia
21	générateur	6	pscad®4.0
21	générateur	7	state-of-the-art
21	générateur	8	rotary
21	générateur	9	governor
21	générateur	10	machine
21	générateur	11	pair
21	générateur	12	synchronous
21	générateur	13	model
21	générateur	14	asynchronous
21	générateur	15	pine
21	générateur	16	wind
21	générateur	17	i/o
21	générateur	18	magnet
21	générateur	19	permanent
21	générateur	20	evolution
22	hydraulique	1	hydraulic
22	hydraulique	2	hydraulics
22	hydraulique	3	xviii
22	hydraulique	4	plant
22	hydraulique	5	curve
22	hydraulique	6	station
22	hydraulique	7	pink-footed
22	hydraulique	8	frame
22	hydraulique	9	mva
22	hydraulique	10	qgrid
22	hydraulique	11	refsgnon_1
22	hydraulique	12	production
22	hydraulique	13	maximum
22	hydraulique	14	feigao
22	hydraulique	15	makkonen
22	hydraulique	16	intrusion
22	hydraulique	17	sinus
22	hydraulique	18	pure
22	hydraulique	19	different
22	hydraulique	20	coefficient
23	hydroélectrique	1	a(1
23	hydroélectrique	2	a(deg
23	hydroélectrique	3	a)[1
23	hydroélectrique	4	a)hydrogen
23	hydroélectrique	5	a)rdr
23	hydroélectrique	6	a)λ
23	hydroélectrique	7	a)λr3d
23	hydroélectrique	8	a*180/pi
23	hydroélectrique	9	a,b,c
23	hydroélectrique	10	a-1
23	hydroélectrique	11	a-2
23	hydroélectrique	12	a-3
23	hydroélectrique	13	a-4
23	hydroélectrique	14	a->g
23	hydroélectrique	15	a-weighted
23	hydroélectrique	16	a-weighting
23	hydroélectrique	17	a.1
23	hydroélectrique	18	a.1.1
23	hydroélectrique	19	a.2
23	hydroélectrique	20	a.3
24	mégawatt	1	plot
24	mégawatt	2	agricultural
24	mégawatt	3	undeveloped
24	mégawatt	4	station
24	mégawatt	5	use
24	mégawatt	6	xviii
24	mégawatt	7	clearing
24	mégawatt	8	land
24	mégawatt	9	park
24	mégawatt	10	plant
24	mégawatt	11	kinetic
24	mégawatt	12	landform
24	mégawatt	13	production
24	mégawatt	14	rudaiciai
24	mégawatt	15	curve
24	mégawatt	16	maximum
24	mégawatt	17	deadband
24	mégawatt	18	renewable
24	mégawatt	19	unobstructed
24	mégawatt	20	scroby
25	tour	1	tower
25	tour	2	measurement
25	tour	3	rotation
25	tour	4	twist
25	tour	5	drive
25	tour	6	circuit
25	tour	7	contour
25	tour	8	blade
25	tour	9	junction
25	tour	10	covering
25	tour	11	tip
25	tour	12	route
25	tour	13	reverse
25	tour	14	figure
25	tour	15	angle
25	tour	16	passage
25	tour	17	design
25	tour	18	height
25	tour	19	machine
25	tour	20	performance
26	bipale	1	potential
26	bipale	2	environmental
26	bipale	3	visual
26	bipale	4	magnitude
26	bipale	5	unforeseen
26	bipale	6	wind-energy
26	bipale	7	hole
26	bipale	8	us$
26	bipale	9	transboundary
26	bipale	10	deis
26	bipale	11	midchord
26	bipale	12	attribute
26	bipale	13	human
26	bipale	14	scenic
26	bipale	15	chain
26	bipale	16	mpacts
26	bipale	17	depreciation
26	bipale	18	indirect
26	bipale	19	central
26	bipale	20	woodland
27	éolien	1	wind
27	éolien	2	horizontal-axis
27	éolien	3	industrial-scale
27	éolien	4	modern
27	éolien	5	fleet
27	éolien	6	placement
27	éolien	7	wright
27	éolien	8	syndrome
27	éolien	9	coloured
27	éolien	10	small
27	éolien	11	poly
27	éolien	12	domestic
27	éolien	13	spacing
27	éolien	14	stp
27	éolien	15	eight-fold
27	éolien	16	unconventional
27	éolien	17	turning
27	éolien	18	axis
27	éolien	19	large
27	éolien	20	enfield-andreau
