1	microcontroller	1	a11
1	microcontroller	2	a2dp
1	microcontroller	3	a31008-h6300-a4-1-7719
1	microcontroller	4	abandon
1	microcontroller	5	abc
1	microcontroller	6	abdellatif
1	microcontroller	7	abonnement
1	microcontroller	8	abonné
1	microcontroller	9	abordable
1	microcontroller	10	aboutissement
1	microcontroller	11	abri
1	microcontroller	12	abréviations/glossaire
1	microcontroller	13	absence
1	microcontroller	14	absorption
1	microcontroller	15	abstract
1	microcontroller	16	abus
1	microcontroller	17	acceptable
1	microcontroller	18	acceptation
1	microcontroller	19	access
1	microcontroller	20	accessibilité
2	receiver	1	combiné
2	receiver	2	commun
2	receiver	3	conjoint
2	receiver	4	associé
2	receiver	5	division
2	receiver	6	répartition
2	receiver	7	porteur
2	receiver	8	tdma
2	receiver	9	fdma
2	receiver	10	trajet
2	receiver	11	branchement
2	receiver	12	access
2	receiver	13	encryptions
2	receiver	14	cdma
2	receiver	15	etalement
2	receiver	16	désir
2	receiver	17	wideband
2	receiver	18	transparent
2	receiver	19	synchronous
2	receiver	20	iii.6
3	handset	1	combiné
3	handset	2	commun
3	handset	3	conjoint
3	handset	4	associé
3	handset	5	temps
3	handset	6	fin
3	handset	7	action
3	handset	8	majuscule
3	handset	9	ra1
3	handset	10	échelle
3	handset	11	s)a0
3	handset	12	cité
3	handset	13	valeur
3	handset	14	multihome-attach-agent
3	handset	15	vecteur
3	handset	16	matriciel
3	handset	17	trafic
3	handset	18	v.7.2
3	handset	19	handshake
3	handset	20	lettre
4	broadcast	1	application
4	broadcast	2	sonnerie
4	broadcast	3	antenne
4	broadcast	4	cdma-2000
4	broadcast	5	prix
4	broadcast	6	fin
4	broadcast	7	puce
4	broadcast	8	vaste
4	broadcast	9	marketing
4	broadcast	10	baisse
4	broadcast	11	variété
4	broadcast	12	bourse
4	broadcast	13	combiné
4	broadcast	14	v.7.2
4	broadcast	15	refus
4	broadcast	16	commencement
4	broadcast	17	normal
4	broadcast	18	promotion
4	broadcast	19	disponibilité
4	broadcast	20	commerce
5	microwave	1	câblé
5	microwave	2	win
5	microwave	3	venezuela
5	microwave	4	absence
5	microwave	5	excellent
5	microwave	6	fixe
5	microwave	7	hertzien
5	microwave	8	japon
5	microwave	9	intelligent
5	microwave	10	adjacent
5	microwave	11	leningrad
5	microwave	12	perspectif
5	microwave	13	ident
5	microwave	14	télécommunication
5	microwave	15	action
5	microwave	16	technologie
5	microwave	17	conséquent
5	microwave	18	plate-forme
5	microwave	19	rnis
5	microwave	20	option
6	multicast	1	volant
6	multicast	2	beacon
6	multicast	3	réémission
6	multicast	4	navigat
6	multicast	5	délai
6	multicast	6	option
6	multicast	7	cas
6	multicast	8	vierge
6	multicast	9	nouveau
6	multicast	10	contention
6	multicast	11	démar
6	multicast	12	transparence
6	multicast	13	extrémité
6	multicast	14	ancien
6	multicast	15	arrière-plan
6	multicast	16	commodité
6	multicast	17	θold
6	multicast	18	léger
6	multicast	19	médical
6	multicast	20	c,new
7	architecture	1	fin
7	architecture	2	beacon
7	architecture	3	s)a0
7	architecture	4	refus
7	architecture	5	valeur
7	architecture	6	vecteur
7	architecture	7	matrice
7	architecture	8	v.7.2
7	architecture	9	sujet
7	architecture	10	passant
7	architecture	11	normal
7	architecture	12	commencement
7	architecture	13	fréquence
7	architecture	14	largeur
7	architecture	15	nouveau
7	architecture	16	large
7	architecture	17	garde
7	architecture	18	handshake
7	architecture	19	midi
7	architecture	20	ν(i)qi
8	sensor	1	constellation
8	sensor	2	consommation
8	sensor	3	densité
8	sensor	4	fort
8	sensor	5	host-to-gateway
8	sensor	6	main
8	sensor	7	famine
8	sensor	8	hfp
8	sensor	9	i'utra
8	sensor	10	quantité
8	sensor	11	background
8	sensor	12	population
8	sensor	13	signal
8	sensor	14	palmos
8	sensor	15	haut
8	sensor	16	dpcch
8	sensor	17	police
8	sensor	18	mégaélément/s
8	sensor	19	zone
8	sensor	20	ainsi_qu'
9	buffer	1	interception
9	buffer	2	point
9	buffer	3	arrêt
9	buffer	4	blocage
9	buffer	5	user
9	buffer	6	partie
9	buffer	7	théorique
9	buffer	8	precisement
9	buffer	9	souci
9	buffer	10	reference
9	buffer	11	interaction
9	buffer	12	densité
9	buffer	13	paysage
9	buffer	14	clientèle
9	buffer	15	product
9	buffer	16	implementation
9	buffer	17	faible
9	buffer	18	primaire
9	buffer	19	macrocellules
9	buffer	20	affaire
10	software	1	logiciel
10	software	2	software
10	software	3	information
10	software	4	v.5
10	software	5	réinitialisation
10	software	6	ident
10	software	7	facture
10	software	8	fabriquants
10	software	9	mtx
10	software	10	coefficient
10	software	11	journau
10	software	12	bip
10	software	13	réveil
10	software	14	jeu
10	software	15	consommateur
10	software	16	opération
10	software	17	approximation
10	software	18	modification
10	software	19	réalisable
10	software	20	ppp
11	repeater	1	division
11	repeater	2	répartition
11	repeater	3	porteur
11	repeater	4	tdma
11	repeater	5	fdma
11	repeater	6	trajet
11	repeater	7	access
11	repeater	8	cdma
11	repeater	9	iii.6
11	repeater	10	etalement
11	repeater	11	désir
11	repeater	12	passant
11	repeater	13	wideband
11	repeater	14	message/commande
11	repeater	15	synchronous
11	repeater	16	comptabilisation
11	repeater	17	pdas
11	repeater	18	largeur
11	repeater	19	fréquence
11	repeater	20	large
12	telecommunication	1	réinitialisation
12	telecommunication	2	besoin
12	telecommunication	3	temps
12	telecommunication	4	s)a0
12	telecommunication	5	valeur
12	telecommunication	6	facture
12	telecommunication	7	multiplication
12	telecommunication	8	vecteur
12	telecommunication	9	fabriquants
12	telecommunication	10	régulateur
12	telecommunication	11	matrice
12	telecommunication	12	characterized
12	telecommunication	13	multi-utilisateurs
12	telecommunication	14	mbps
12	telecommunication	15	dommage
12	telecommunication	16	midi
12	telecommunication	17	pt(z
12	telecommunication	18	uniforme
12	telecommunication	19	ν(i)qi
12	telecommunication	20	flux
13	encryption	1	s)a0
13	encryption	2	valeur
13	encryption	3	vecteur
13	encryption	4	matrice
13	encryption	5	branchement
13	encryption	6	encryptions
13	encryption	7	midi
13	encryption	8	ν(i)qi
13	encryption	9	signifié
13	encryption	10	cohérence
13	encryption	11	t(1
13	encryption	12	auto
13	encryption	13	juridique
13	encryption	14	nul
13	encryption	15	lemme
13	encryption	16	iv.11.2
13	encryption	17	t(φi
13	encryption	18	propre
13	encryption	19	façon
13	encryption	20	apport
14	carrier	1	porteur
14	carrier	2	fin
14	carrier	3	modem
14	carrier	4	v.7.2
14	carrier	5	refus
14	carrier	6	normal
14	carrier	7	comportement
14	carrier	8	commencement
14	carrier	9	communication
14	carrier	10	juin
14	carrier	11	particularité
14	carrier	12	mercure
14	carrier	13	politiques/régulateurs
14	carrier	14	avantageux
14	carrier	15	juillet
14	carrier	16	topographique
14	carrier	17	afrique
14	carrier	18	handshake
14	carrier	19	mtx
14	carrier	20	inconnue
15	deployment	1	s)a0
15	deployment	2	valeur
15	deployment	3	vecteur
15	deployment	4	matrice
15	deployment	5	réinitialisation
15	deployment	6	midi
15	deployment	7	ν(i)qi
15	deployment	8	facture
15	deployment	9	spectral
15	deployment	10	nul
15	deployment	11	fabriquants
15	deployment	12	cas
15	deployment	13	approche
15	deployment	14	signifié
15	deployment	15	cohérence
15	deployment	16	transition/un
15	deployment	17	progression
15	deployment	18	t(1
15	deployment	19	juridique
15	deployment	20	lemme
16	key	1	fondamental
16	key	2	fondamentalement
16	key	3	primordial
16	key	4	principal
16	key	5	saisie
16	key	6	adoption
16	key	7	important
16	key	8	conséquent
16	key	9	déterminant
16	key	10	grand
16	key	11	enregistrement
16	key	12	primitif
16	key	13	arrêt
16	key	14	pile
16	key	15	considérable
16	key	16	paquet
16	key	17	blocage
16	key	18	clef
16	key	19	central
16	key	20	significatif
17	cellular	1	cellulaire
17	cellular	2	fin
17	cellular	3	v.7.2
17	cellular	4	mars
17	cellular	5	refus
17	cellular	6	normal
17	cellular	7	commencement
17	cellular	8	chiffrage
17	cellular	9	net
17	cellular	10	mathématique
17	cellular	11	juin
17	cellular	12	cdma-2000
17	cellular	13	communication
17	cellular	14	handshake
17	cellular	15	continent
17	cellular	16	juillet
17	cellular	17	emploi
17	cellular	18	spatial
17	cellular	19	validation
17	cellular	20	assurance
18	connection	1	similaire
18	connection	2	voisin
18	connection	3	associé
18	connection	4	s)a0
18	connection	5	valeur
18	connection	6	vecteur
18	connection	7	navigat
18	connection	8	matrice
18	connection	9	option
18	connection	10	chiffrage
18	connection	11	rupture
18	connection	12	midi
18	connection	13	démar
18	connection	14	ν(i)qi
18	connection	15	précieux
18	connection	16	vierge
18	connection	17	signifié
18	connection	18	touche
18	connection	19	cohérence
18	connection	20	enreg
19	spectrum	1	spectral
19	spectrum	2	électricité
19	spectrum	3	reçu
19	spectrum	4	particularité
19	spectrum	5	base
19	spectrum	6	intervalle
19	spectrum	7	besoin
19	spectrum	8	arrivant
19	spectrum	9	absence
19	spectrum	10	amont
19	spectrum	11	bts
19	spectrum	12	compatibilité
19	spectrum	13	bsc
19	spectrum	14	peer-to-peer
19	spectrum	15	scientifique
19	spectrum	16	juridique
19	spectrum	17	corée
19	spectrum	18	réalité
19	spectrum	19	rôle
19	spectrum	20	iv.11.2
20	cell	1	main
20	cell	2	fin
20	cell	3	hfp
20	cell	4	v.7.2
20	cell	5	cdma-2000
20	cell	6	refus
20	cell	7	normal
20	cell	8	commencement
20	cell	9	immédiat
20	cell	10	borne
20	cell	11	interaction
20	cell	12	densité
20	cell	13	s)a0
20	cell	14	message/commande
20	cell	15	valeur
20	cell	16	juin
20	cell	17	communication
20	cell	18	emploi
20	cell	19	vecteur
20	cell	20	handshake
21	transmission	1	transmission
21	transmission	2	fin
21	transmission	3	division
21	transmission	4	gst
21	transmission	5	emploi
21	transmission	6	abandon
21	transmission	7	v.7.2
21	transmission	8	porteur
21	transmission	9	respiration
21	transmission	10	normal
21	transmission	11	répartition
21	transmission	12	refus
21	transmission	13	commencement
21	transmission	14	mercure
21	transmission	15	tdma
21	transmission	16	communication
21	transmission	17	touche
21	transmission	18	transition/un
21	transmission	19	inconnue
21	transmission	20	s)a0
22	antenna	1	division
22	antenna	2	répartition
22	antenna	3	porteur
22	antenna	4	tdma
22	antenna	5	fdma
22	antenna	6	trajet
22	antenna	7	access
22	antenna	8	cdma
22	antenna	9	etalement
22	antenna	10	désir
22	antenna	11	iii.6
22	antenna	12	wideband
22	antenna	13	synchronous
22	antenna	14	comptabilisation
22	antenna	15	pdas
22	antenna	16	harmonieux
22	antenna	17	wideband-code
22	antenna	18	ffth
22	antenna	19	technique
22	antenna	20	ofdma
23	node	1	primaire
23	node	2	marchandise
23	node	3	immédiat
23	node	4	intserv/rsvp
23	node	5	vi.7
23	node	6	aps
23	node	7	voisin
23	node	8	acheminement
23	node	9	chiffrage
23	node	10	permanent
23	node	11	zéro
23	node	12	multicast
23	node	13	thaïlande
23	node	14	difs
23	node	15	ident
23	node	16	destination
23	node	17	genre
23	node	18	circulation
23	node	19	temporisateur
23	node	20	voiture
24	traffic	1	animation
24	traffic	2	comportement
24	traffic	3	action
24	traffic	4	conduite
24	traffic	5	faut-il
24	traffic	6	densité
24	traffic	7	interaction
24	traffic	8	volumineux
24	traffic	9	navigat
24	traffic	10	faible
24	traffic	11	option
24	traffic	12	macrocellules
24	traffic	13	mainslibres
24	traffic	14	démar
24	traffic	15	vierge
24	traffic	16	territoire
24	traffic	17	nomade
24	traffic	18	ǫq1
24	traffic	19	approche
24	traffic	20	spectral
25	router	1	s)a0
25	router	2	valeur
25	router	3	vecteur
25	router	4	matrice
25	router	5	midi
25	router	6	ν(i)qi
25	router	7	signifié
25	router	8	descendant
25	router	9	cohérence
25	router	10	lemme
25	router	11	t(1
25	router	12	juridique
25	router	13	nul
25	router	14	t(φi
25	router	15	spéciaux>
25	router	16	densité
25	router	17	information
25	router	18	partie
25	router	19	propre
25	router	20	conjoint
26	interference	1	immédiat
26	interference	2	voisin
26	interference	3	extras
26	interference	4	aps
26	interference	5	passant
26	interference	6	organiseur
26	interference	7	fréquence
26	interference	8	a31008-h6300-a4-1-7719
26	interference	9	lang
26	interference	10	largeur
26	interference	11	o:\mobil\l55\m55_barracuda\fr\fug\m55_guarantee_fr
26	interference	12	message/commande
26	interference	13	large
26	interference	14	réinitialisation
26	interference	15	marche/arrêt/pin
26	interference	16	volant
26	interference	17	loin
26	interference	18	reçu
26	interference	19	o:\mobil\l55\m55_barracuda\fr\fug\m55_hotline.fm
26	interference	20	ghz
27	jitter	1	partie
27	jitter	2	théorique
27	jitter	3	precisement
27	jitter	4	souci
27	jitter	5	reference
27	jitter	6	paysage
27	jitter	7	clientèle
27	jitter	8	product
27	jitter	9	implementation
27	jitter	10	amont
27	jitter	11	compatibilité
27	jitter	12	théorie
27	jitter	13	auxiliaire
27	jitter	14	enjeu
27	jitter	15	project
27	jitter	16	affaire
27	jitter	17	télécoms
27	jitter	18	réinitialisation
27	jitter	19	sortie
27	jitter	20	expérience
28	packet	1	passant
28	packet	2	dpcch
28	packet	3	loin
28	packet	4	fréquence
28	packet	5	largeur
28	packet	6	ident
28	packet	7	large
28	packet	8	cbr
28	packet	9	dpdch
28	packet	10	maintains
28	packet	11	densité
28	packet	12	interaction
28	packet	13	innovation
28	packet	14	ghz
28	packet	15	bspr
28	packet	16	faible
28	packet	17	progression
28	packet	18	edge/gprs
28	packet	19	débit
28	packet	20	baisse
29	internet	1	immédiat
29	internet	2	itération
29	internet	3	voisin
29	internet	4	aps
29	internet	5	ranging
29	internet	6	differentiation
29	internet	7	bler
29	internet	8	partie
29	internet	9	harald
29	internet	10	zif
29	internet	11	initialisation
29	internet	12	cas
29	internet	13	liste
29	internet	14	théorique
29	internet	15	precisement
29	internet	16	bandwidth
29	internet	17	mètre
29	internet	18	gauche
29	internet	19	nouveauté
29	internet	20	souci
30	satellite	1	câblé
30	satellite	2	win
30	satellite	3	venezuela
30	satellite	4	excellent
30	satellite	5	fixe
30	satellite	6	hertzien
30	satellite	7	adjacent
30	satellite	8	intelligent
30	satellite	9	japon
30	satellite	10	leningrad
30	satellite	11	perspectif
30	satellite	12	télécommunication
30	satellite	13	technologie
30	satellite	14	rnis
30	satellite	15	plate-forme
30	satellite	16	absence
30	satellite	17	onde
30	satellite	18	conséquent
30	satellite	19	marché
30	satellite	20	sockage
31	modem	1	modem
31	modem	2	aspect
31	modem	3	sm.2012-1
31	modem	4	avantageux
31	modem	5	enchaînement
31	modem	6	densité
31	modem	7	volet
31	modem	8	s)a0
31	modem	9	interaction
31	modem	10	valeur
31	modem	11	immédiat
31	modem	12	calculatrice
31	modem	13	isolé
31	modem	14	vecteur
31	modem	15	macrocellules
31	modem	16	faible
31	modem	17	max
31	modem	18	matrice
31	modem	19	nomade
31	modem	20	ǫq1
32	signal	1	important
32	signal	2	significatif
32	signal	3	considérable
32	signal	4	large
32	signal	5	blanc
32	signal	6	grand
32	signal	7	nécessaire
32	signal	8	principal
32	signal	9	essentiel
32	signal	10	nouveau
32	signal	11	sonore
32	signal	12	sensible
32	signal	13	requis
32	signal	14	conséquent
32	signal	15	lumineux
32	signal	16	récent
32	signal	17	appel
32	signal	18	frais
32	signal	19	indispensable
32	signal	20	supérieur
33	switch	1	port
33	switch	2	faux
33	switch	3	erroné
33	switch	4	déplacement
33	switch	5	mauvais
33	switch	6	conduite
33	switch	7	incorrect
33	switch	8	change
33	switch	9	marchandise
33	switch	10	loin
33	switch	11	tcp/ip
33	switch	12	conséquence
33	switch	13	acheminement
33	switch	14	problème
33	switch	15	terminal
33	switch	16	combinaison
33	switch	17	ii.2.2.3
33	switch	18	désignation
33	switch	19	thèse
33	switch	20	navigat
34	frequency	1	passant
34	frequency	2	fréquence
34	frequency	3	largeur
34	frequency	4	large
34	frequency	5	ghz
34	frequency	6	garde
34	frequency	7	transition/un
34	frequency	8	étroit
34	frequency	9	mhz
34	frequency	10	adjacent
34	frequency	11	administration
34	frequency	12	immédiat
34	frequency	13	majuscule
34	frequency	14	surbrillance
34	frequency	15	minuscule
34	frequency	16	λ0,rt
34	frequency	17	réserve
34	frequency	18	ism
34	frequency	19	duplex
34	frequency	20	total
35	security	1	division
35	security	2	visual
35	security	3	répartition
35	security	4	amont
35	security	5	compatibilité
35	security	6	porteur
35	security	7	innovation
35	security	8	passant
35	security	9	liquidité
35	security	10	navigat
35	security	11	tdma
35	security	12	fréquence
35	security	13	large
35	security	14	option
35	security	15	hospitalier
35	security	16	largeur
35	security	17	fdma
35	security	18	thaïlande
35	security	19	enjeu
35	security	20	access
36	datum	1	baisse
36	datum	2	signification
36	datum	3	fonctionnement
36	datum	4	régulier
36	datum	5	enjeu
36	datum	6	symétrique
36	datum	7	clientèle
36	datum	8	fin
36	datum	9	gauche
36	datum	10	densité
36	datum	11	médecin
36	datum	12	réinitialisation
36	datum	13	interaction
36	datum	14	identification
36	datum	15	garde
36	datum	16	médical
36	datum	17	facture
36	datum	18	faible
36	datum	19	commande
36	datum	20	o:\mobil\l55\m55_barracuda\fr\fug\m55_overview.fm
37	digital	1	numérique
37	digital	2	digital
37	digital	3	compétence
37	digital	4	valeur
37	digital	5	s)a0
37	digital	6	actif
37	digital	7	vecteur
37	digital	8	matrice
37	digital	9	navigat
37	digital	10	disponible
37	digital	11	option
37	digital	12	majuscule
37	digital	13	lemme
37	digital	14	midi
37	digital	15	ν(i)qi
37	digital	16	démar
37	digital	17	accumulateur
37	digital	18	transition/un
37	digital	19	initiateur
37	digital	20	vierge
38	bandwidth	1	s)a0
38	bandwidth	2	valeur
38	bandwidth	3	vecteur
38	bandwidth	4	matrice
38	bandwidth	5	densité
38	bandwidth	6	interaction
38	bandwidth	7	midi
38	bandwidth	8	ν(i)qi
38	bandwidth	9	faible
38	bandwidth	10	macrocellules
38	bandwidth	11	signifié
38	bandwidth	12	cohérence
38	bandwidth	13	juridique
38	bandwidth	14	t(1
38	bandwidth	15	lemme
38	bandwidth	16	nomade
38	bandwidth	17	ǫq1
38	bandwidth	18	nul
38	bandwidth	19	t(φi
38	bandwidth	20	propre
39	multi-carrier	1	aboutissement
39	multi-carrier	2	initiative
39	multi-carrier	3	évolution/de
39	multi-carrier	4	progression
39	multi-carrier	5	cryptographie
39	multi-carrier	6	quadrature
39	multi-carrier	7	négociation
39	multi-carrier	8	bpsk
39	multi-carrier	9	initialisation
39	multi-carrier	10	nomade
39	multi-carrier	11	navigat
39	multi-carrier	12	découverte
39	multi-carrier	13	shift
39	multi-carrier	14	option
39	multi-carrier	15	budapest
39	multi-carrier	16	démar
39	multi-carrier	17	vierge
39	multi-carrier	18	tampon
39	multi-carrier	19	préalable
39	multi-carrier	20	brouillage
40	wireless	1	radio
40	wireless	2	cdma-2000
40	wireless	3	prix
40	wireless	4	fin
40	wireless	5	puce
40	wireless	6	vaste
40	wireless	7	variété
40	wireless	8	baisse
40	wireless	9	marketing
40	wireless	10	combiné
40	wireless	11	bourse
40	wireless	12	o:\mobil\l55\m55_barracuda\fr\fug\m55_explorer.fm
40	wireless	13	pci
40	wireless	14	i-appli
40	wireless	15	mids
40	wireless	16	option
40	wireless	17	v.7.2
40	wireless	18	pda
40	wireless	19	navigat
40	wireless	20	normal
41	ethernet	1	liaison
41	ethernet	2	réinitialisation
41	ethernet	3	iv.3.1
41	ethernet	4	facture
41	ethernet	5	fabriquants
41	ethernet	6	asynchrone
41	ethernet	7	kb/s
41	ethernet	8	uniforme
41	ethernet	9	handshake
41	ethernet	10	gratuité
41	ethernet	11	confiance
41	ethernet	12	obsolète
41	ethernet	13	avantageux
41	ethernet	14	sco
41	ethernet	15	débit
41	ethernet	16	afrique
41	ethernet	17	possesseur
41	ethernet	18	montage
41	ethernet	19	pseudo-aléatoire
41	ethernet	20	actif
42	electromagnetic	1	passant
42	electromagnetic	2	peak
42	electromagnetic	3	fréquence
42	electromagnetic	4	largeur
42	electromagnetic	5	large
42	electromagnetic	6	ghz
42	electromagnetic	7	vendeur
42	electromagnetic	8	flow
42	electromagnetic	9	étroit
42	electromagnetic	10	garde
42	electromagnetic	11	mhz
42	electromagnetic	12	professionnel
42	electromagnetic	13	administration
42	electromagnetic	14	adjacent
42	electromagnetic	15	λ0,rt
42	electromagnetic	16	réserve
42	electromagnetic	17	impératif
42	electromagnetic	18	géolocalisation
42	electromagnetic	19	total
42	electromagnetic	20	ism
43	proxy	1	actif
43	proxy	2	puissance
43	proxy	3	propriété
43	proxy	4	bien
43	proxy	5	capital
43	proxy	6	savoir
43	proxy	7	métier
43	proxy	8	pouvoir
43	proxy	9	deltatelecom
43	proxy	10	imt-mc-450
43	proxy	11	juridique
43	proxy	12	homologation
43	proxy	13	moscow
43	proxy	14	immédiat
43	proxy	15	projection
43	proxy	16	filiale
43	proxy	17	aire
43	proxy	18	repos
43	proxy	19	abonnement
43	proxy	20	skylink
44	telephony	1	analyse
44	telephony	2	rendement
44	telephony	3	approche
44	telephony	4	probabilté
44	telephony	5	transducteur
44	telephony	6	approach
44	telephony	7	k(0
44	telephony	8	évaluation
44	telephony	9	méthode
44	telephony	10	performance
44	telephony	11	analysis
44	telephony	12	réinitialisation
44	telephony	13	rmax
44	telephony	14	expansion
44	telephony	15	exact
44	telephony	16	comparaison
44	telephony	17	facture
44	telephony	18	mitrani
44	telephony	19	fabriquants
44	telephony	20	d(z
45	protocol	1	fracture
45	protocol	2	exploitant
45	protocol	3	réémission
45	protocol	4	boucle
45	protocol	5	care-of-adresse
45	protocol	6	bloquante
45	protocol	7	navigat
45	protocol	8	résultat
45	protocol	9	s)a0
45	protocol	10	valeur
45	protocol	11	service>
45	protocol	12	option
45	protocol	13	puce
45	protocol	14	cité
45	protocol	15	vecteur
45	protocol	16	illustration
45	protocol	17	cdma-2000
45	protocol	18	industrie
45	protocol	19	vrai
45	protocol	20	dect
46	application	1	s)a0
46	application	2	valeur
46	application	3	vecteur
46	application	4	partie
46	application	5	théorique
46	application	6	matrice
46	application	7	precisement
46	application	8	symétrique
46	application	9	midi
46	application	10	ν(i)qi
46	application	11	souci
46	application	12	approche
46	application	13	clientèle
46	application	14	zif
46	application	15	reference
46	application	16	handover
46	application	17	signifié
46	application	18	cohérence
46	application	19	imprévu
46	application	20	rafale
47	speed	1	introduction
47	speed	2	application
47	speed	3	démarrage
47	speed	4	arrangement
47	speed	5	circulation
47	speed	6	travail
47	speed	7	affaire
47	speed	8	entrée
47	speed	9	marche
47	speed	10	création
47	speed	11	aller
47	speed	12	décharge
47	speed	13	lancement
47	speed	14	production
47	speed	15	projection
47	speed	16	toucher
47	speed	17	montage
47	speed	18	densité
47	speed	19	interaction
47	speed	20	macrocellules
48	connectivity	1	adjacent
48	connectivity	2	sockage
48	connectivity	3	réémission
48	connectivity	4	communicant
48	connectivity	5	navigat
48	connectivity	6	passant
48	connectivity	7	fréquence
48	connectivity	8	option
48	connectivity	9	bouquet
48	connectivity	10	éventail
48	connectivity	11	large
48	connectivity	12	largeur
48	connectivity	13	iv.3.3
48	connectivity	14	vierge
48	connectivity	15	usb
48	connectivity	16	démar
48	connectivity	17	cas
48	connectivity	18	fixe
48	connectivity	19	valeur
48	connectivity	20	stockage
49	provider	1	dpcch
49	provider	2	cbr
49	provider	3	dpdch
49	provider	4	maintains
49	provider	5	omission
49	provider	6	réinitialisation
49	provider	7	réémission
49	provider	8	bspr
49	provider	9	nuit
49	provider	10	progression
49	provider	11	edge/gprs
49	provider	12	facture
49	provider	13	politiques/régulateurs
49	provider	14	échelle
49	provider	15	pixel
49	provider	16	boucle
49	provider	17	iv.11.2
49	provider	18	fabriquants
49	provider	19	exploitant
49	provider	20	sigle
50	interface	1	interface
50	interface	2	intermédiaire
50	interface	3	biais
50	interface	4	s)a0
50	interface	5	valeur
50	interface	6	vecteur
50	interface	7	fiche
50	interface	8	aide
50	interface	9	matrice
50	interface	10	belhadj
50	interface	11	jeu/une
50	interface	12	abus
50	interface	13	option
50	interface	14	sockage
50	interface	15	politiques/régulateurs
50	interface	16	nécessaire
50	interface	17	midi
50	interface	18	manière
50	interface	19	avantageux
50	interface	20	ν(i)qi
51	bluetooth	1	v.5
51	bluetooth	2	lumineux
51	bluetooth	3	immédiat
51	bluetooth	4	fin
51	bluetooth	5	atout
51	bluetooth	6	iv.9
51	bluetooth	7	onde
51	bluetooth	8	pcmcia
51	bluetooth	9	coefficient
51	bluetooth	10	voisin
51	bluetooth	11	v.7.2
51	bluetooth	12	normal
51	bluetooth	13	approximation
51	bluetooth	14	refus
51	bluetooth	15	consommateur
51	bluetooth	16	commencement
51	bluetooth	17	réalisable
51	bluetooth	18	ppp
51	bluetooth	19	aps
51	bluetooth	20	communication
52	multimedia	1	gauche
52	multimedia	2	densité
52	multimedia	3	interaction
52	multimedia	4	commande
52	multimedia	5	o:\mobil\l55\m55_barracuda\fr\fug\m55_overview.fm
52	multimedia	6	marche/arrêt/fin
52	multimedia	7	menu
52	multimedia	8	précédent
52	multimedia	9	seconde
52	multimedia	10	augmenter/
52	multimedia	11	faible
52	multimedia	12	macrocellules
52	multimedia	13	marche/arrêt
52	multimedia	14	pression
52	multimedia	15	étiquette
52	multimedia	16	touche
52	multimedia	17	appui
52	multimedia	18	nomade
52	multimedia	19	modifiable
52	multimedia	20	valeur
53	coverage	1	couverture
53	coverage	2	rapport
53	coverage	3	correspondance
53	coverage	4	s)a0
53	coverage	5	valeur
53	coverage	6	vecteur
53	coverage	7	densité
53	coverage	8	interaction
53	coverage	9	matrice
53	coverage	10	nomade
53	coverage	11	faible
53	coverage	12	macrocellules
53	coverage	13	midi
53	coverage	14	ν(i)qi
53	coverage	15	ǫq1
53	coverage	16	passant
53	coverage	17	signifié
53	coverage	18	fréquence
53	coverage	19	cohérence
53	coverage	20	territoire
54	authentication	1	ii.2.2.3
54	authentication	2	désignation
54	authentication	3	super
54	authentication	4	puce
54	authentication	5	illustrants
54	authentication	6	élément
54	authentication	7	pcch
54	authentication	8	pied
54	authentication	9	optimisation
54	authentication	10	baisse
54	authentication	11	partie
54	authentication	12	envir
54	authentication	13	réalité
54	authentication	14	procedure
54	authentication	15	motivation
54	authentication	16	théorique
54	authentication	17	precisement
54	authentication	18	promotion
54	authentication	19	électricité
54	authentication	20	susceptible
55	broadband	1	symétrique
55	broadband	2	pci
55	broadband	3	i-appli
55	broadband	4	pda
55	broadband	5	mids
55	broadband	6	ram
55	broadband	7	accumulateur
55	broadband	8	verre
55	broadband	9	prothèse
55	broadband	10	action
55	broadband	11	micro-onde
55	broadband	12	permanence
55	broadband	13	matriciel
55	broadband	14	ordinateur
55	broadband	15	npv
55	broadband	16	ra1
55	broadband	17	flexible
55	broadband	18	cité
55	broadband	19	multihome-attach-agent
55	broadband	20	certification
56	server	1	s)a0
56	server	2	valeur
56	server	3	partie
56	server	4	vecteur
56	server	5	théorique
56	server	6	matrice
56	server	7	precisement
56	server	8	souci
56	server	9	midi
56	server	10	ν(i)qi
56	server	11	reference
56	server	12	signifié
56	server	13	cohérence
56	server	14	paysage
56	server	15	t(1
56	server	16	clientèle
56	server	17	juridique
56	server	18	nul
56	server	19	lemme
56	server	20	product
57	smartphone	1	réinitialisation
57	smartphone	2	facture
57	smartphone	3	fabriquants
57	smartphone	4	uniforme
57	smartphone	5	liu
57	smartphone	6	gratuité
57	smartphone	7	handshake
57	smartphone	8	icc
57	smartphone	9	confiance
57	smartphone	10	possesseur
57	smartphone	11	link
57	smartphone	12	obsolète
57	smartphone	13	s)a0
57	smartphone	14	phone.com
57	smartphone	15	valeur
57	smartphone	16	logiciel
57	smartphone	17	faut-il
57	smartphone	18	vecteur
57	smartphone	19	travers
57	smartphone	20	l2cap
58	infrastructure	1	zif
58	infrastructure	2	iv.11.2
58	infrastructure	3	façon
58	infrastructure	4	apport
58	infrastructure	5	rôle
58	infrastructure	6	iv.11.5.2
58	infrastructure	7	innovation
58	infrastructure	8	sigle
58	infrastructure	9	composant
58	infrastructure	10	thaïlande
58	infrastructure	11	net
58	infrastructure	12	conducteur
58	infrastructure	13	trimestre
58	infrastructure	14	matrice
58	infrastructure	15	o:\mobil\l55\m55_barracuda\fr\fug\m55_explorer.fm
58	infrastructure	16	enregistrable
58	infrastructure	17	chronomètre
58	infrastructure	18	wta
58	infrastructure	19	api
58	infrastructure	20	diagramme
59	subscriber	1	échelle
59	subscriber	2	mot-clé
59	subscriber	3	syntonisation
59	subscriber	4	net
59	subscriber	5	rédaction
59	subscriber	6	leader
59	subscriber	7	circulation
59	subscriber	8	clavardage
59	subscriber	9	fréquence
59	subscriber	10	invisible
59	subscriber	11	fhs_pkt
59	subscriber	12	conseil
59	subscriber	13	diapositive
59	subscriber	14	large
59	subscriber	15	cdma-2000
59	subscriber	16	communauté
59	subscriber	17	case
59	subscriber	18	passant
59	subscriber	19	combiné
59	subscriber	20	compatibilité
60	channel	1	acquisition
60	channel	2	saisie
60	channel	3	direction
60	channel	4	conduite
60	channel	5	port
60	channel	6	visé
60	channel	7	arrangement
60	channel	8	beacon
60	channel	9	immédiat
60	channel	10	sépia
60	channel	11	voisin
60	channel	12	blanc
60	channel	13	nouveau
60	channel	14	ancien
60	channel	15	aps
60	channel	16	commodité
60	channel	17	θold
60	channel	18	c,new
60	channel	19	enregistr
60	channel	20	gsm-map
